treatment,outcome,verified_purchase,product_category,total_votes,helpful_votes,propensity_score
1,4,0,0,0,0,0.7964038372225929
1,2,0,0,17,7,0.7541997419884313
0,5,0,0,2,1,0.7926149345857402
0,5,0,0,0,0,0.7964038372225929
0,5,0,7,2,1,0.3195411050924666
1,3,0,0,1,1,0.7969843906800329
0,5,0,7,1,1,0.3253945598991986
0,2,0,0,1,1,0.7969843906800329
0,2,0,11,3,2,0.12451212346611629
0,5,0,0,5,4,0.7943768837445078
1,5,0,0,0,0,0.7964038372225929
0,5,0,0,3,3,0.7981417938668754
0,4,0,7,23,20,0.32270587885302526
1,5,0,0,2,1,0.7926149345857402
1,4,0,0,1,0,0.7920251466433884
1,4,0,0,0,0,0.7964038372225929
0,4,0,7,0,0,0.3246082588678925
1,4,0,0,4,2,0.7887742221397077
0,1,0,7,5,2,0.30876888165708494
0,3,0,11,14,8,0.11276213487241173
1,5,0,0,3,2,0.7932034866730083
0,5,0,0,35,34,0.8113859845037992
0,5,1,0,0,0,0.22270173475773658
1,4,0,0,2,1,0.7926149345857402
0,4,0,7,2,2,0.3261818457325034
1,3,0,0,34,14,0.7064714825662864
0,5,0,7,2,2,0.3261818457325034
0,5,0,7,0,0,0.3246082588678925
0,4,0,7,1,1,0.3253945598991986
1,4,0,0,1,0,0.7920251466433884
0,5,0,11,6,1,0.11293253541296562
0,5,0,1,0,0,0.7435395896286738
1,5,0,0,4,3,0.7937908030169029
1,4,0,0,2,1,0.7926149345857402
1,5,0,0,9,7,0.7917446375237484
0,4,0,0,0,0,0.7964038372225929
1,5,0,0,0,0,0.7964038372225929
0,3,0,11,0,0,0.12666706170723838
0,5,1,11,3,0,0.009707616398205868
0,4,0,7,2,1,0.3195411050924666
0,5,0,7,3,3,0.3269701131524728
1,5,0,0,26,24,0.801613034522268
1,4,0,7,3,2,0.32032095325902354
1,5,0,0,203,193,0.8566588715871569
1,5,0,5,0,0,0.46664130657284103
1,5,0,0,0,0,0.7964038372225929
0,4,0,7,1,1,0.3253945598991986
1,3,0,0,48,37,0.7688580172659607
1,4,0,0,3,2,0.7932034866730083
1,5,0,0,1,1,0.7969843906800329
1,5,0,11,3,3,0.12786134791119777
1,4,0,0,0,0,0.7964038372225929
0,5,0,11,3,0,0.11803921122362222
1,1,0,7,46,11,0.16369803143321748
0,5,0,0,1,1,0.7969843906800329
0,5,0,11,9,7,0.1235483628495633
1,5,0,0,9,6,0.7866916547860742
0,4,0,11,3,2,0.12451212346611629
1,5,0,0,5,3,0.7893707775305534
0,4,0,7,1,1,0.3253945598991986
0,5,0,11,11,8,0.121057210856858
1,5,0,0,0,0,0.7964038372225929
1,5,0,0,1,1,0.7969843906800329
1,3,0,11,2,0,0.12085708462157246
0,5,0,7,2,1,0.3195411050924666
1,2,0,0,34,14,0.7064714825662864
0,4,0,11,3,1,0.12123843361910774
0,5,0,7,4,3,0.3211018065450797
1,4,0,0,1,1,0.7969843906800329
1,4,0,0,4,2,0.7887742221397077
1,4,0,0,2,1,0.7926149345857402
0,4,0,7,7,5,0.3168390870570038
0,4,0,0,0,0,0.7964038372225929
0,2,0,11,10,7,0.12067635360665116
0,5,0,11,11,2,0.102964229157713
0,5,0,7,1,1,0.3253945598991986
0,5,0,11,2,2,0.12746218852478497
1,5,0,5,0,0,0.46664130657284103
0,5,1,11,0,0,0.010511549308539288
1,5,0,0,1,1,0.7969843906800329
0,5,0,0,25,22,0.7961569439832855
0,5,0,0,1,0,0.7920251466433884
1,5,0,0,0,0,0.7964038372225929
1,5,0,5,0,0,0.46664130657284103
1,5,0,0,1,0,0.7920251466433884
0,2,0,0,11,7,0.7827713092099993
1,5,0,7,0,0,0.3246082588678925
1,5,1,0,4,1,0.20969208107631912
1,5,0,0,1,1,0.7969843906800329
1,4,0,0,0,0,0.7964038372225929
1,3,0,0,2,1,0.7926149345857402
0,4,0,7,0,0,0.3246082588678925
1,5,0,0,2,0,0.78757740275796
0,5,0,7,0,0,0.3246082588678925
0,5,0,7,3,1,0.31374397576805685
1,4,0,0,1,1,0.7969843906800329
0,5,0,11,3,3,0.12786134791119777
0,5,0,7,3,2,0.32032095325902354
0,5,0,0,0,0,0.7964038372225929
1,5,0,0,1,1,0.7969843906800329
1,5,0,0,2,1,0.7926149345857402
1,5,0,0,1,0,0.7920251466433884
0,3,0,11,1,0,0.12373278988423611
0,2,0,7,4,1,0.3080044130402232
0,5,0,11,1,0,0.12373278988423611
0,5,0,7,3,3,0.3269701131524728
1,5,0,0,10,10,0.8021538426053292
1,5,0,7,1,1,0.3253945598991986
1,5,0,0,1,1,0.7969843906800329
1,4,0,0,0,0,0.7964038372225929
0,4,1,7,3,1,0.032400882234657
1,3,0,0,2,0,0.78757740275796
1,3,0,11,2,1,0.12412193169753141
0,5,0,7,0,0,0.3246082588678925
1,4,0,0,5,4,0.7943768837445078
1,5,1,0,0,0,0.22270173475773658
0,5,0,11,4,2,0.12162081944992373
1,4,0,0,0,0,0.7964038372225929
1,5,0,0,36,32,0.7976218597933956
0,3,0,11,8,7,0.12647889234128104
0,4,0,6,1,1,0.39422919238567894
0,4,1,0,4,2,0.2147704673736646
1,5,0,0,4,3,0.7937908030169029
0,5,1,7,1,1,0.034123547431344735
0,1,0,0,17,12,0.781259161028732
1,4,0,11,0,0,0.12666706170723838
1,4,0,0,2,1,0.7926149345857402
0,5,0,10,4,3,0.1614777578014849
1,5,0,0,3,2,0.7932034866730083
1,5,1,0,3,2,0.21932329784011861
1,4,0,5,0,0,0.46664130657284103
0,5,0,7,5,1,0.3023235925989156
0,5,0,11,4,1,0.11841286638270639
1,3,0,0,4,1,0.7836688596158804
0,1,0,7,2,0,0.3129727666423729
0,5,1,11,1,0,0.010236507795343621
1,5,0,0,4,3,0.7937908030169029
0,5,0,11,5,3,0.12200424388199559
0,5,0,7,3,2,0.32032095325902354
1,5,0,0,1,1,0.7969843906800329
0,5,0,7,6,6,0.3293407724694595
0,5,0,11,0,0,0.12666706170723838
0,5,0,11,6,6,0.12906523038542417
0,4,1,11,3,1,0.010004026576836952
0,4,0,0,1,0,0.7920251466433884
0,5,1,11,1,1,0.010548895000504772
1,3,0,0,2,1,0.7926149345857402
1,3,0,0,1,0,0.7920251466433884
0,4,0,11,0,0,0.12666706170723838
1,4,0,0,12,11,0.7984448654539739
0,5,1,11,1,0,0.010236507795343621
1,4,0,0,5,2,0.7842758903999808
1,4,0,11,2,1,0.12412193169753141
0,5,0,7,1,0,0.31876226510562944
0,5,0,0,6,6,0.7998686429245112
1,5,0,0,0,0,0.7964038372225929
0,5,1,11,1,0,0.010236507795343621
1,5,0,0,3,1,0.7881764305470706
0,5,1,11,4,4,0.01066172146180719
0,5,1,11,2,1,0.010272886458069397
1,3,0,0,6,4,0.7899660967301603
1,4,0,7,2,1,0.3195411050924666
0,4,1,0,2,2,0.22394511649717866
0,5,0,11,3,0,0.11803921122362222
1,3,0,0,4,3,0.7937908030169029
1,2,0,0,41,32,0.7751349620827919
0,5,1,7,7,7,0.03483949977407717
0,5,0,7,12,12,0.33410815060287496
0,5,0,7,16,15,0.3305493030212183
0,4,0,7,0,0,0.3246082588678925
0,5,0,0,3,1,0.7881764305470706
1,3,0,0,2,1,0.7926149345857402
0,5,0,0,0,0,0.7964038372225929
1,5,0,0,2,1,0.7926149345857402
0,4,0,11,17,13,0.1201165232886484
0,5,0,7,2,1,0.3195411050924666
0,5,0,0,2,2,0.7975637094864633
1,5,0,0,1,1,0.7969843906800329
1,5,0,0,0,0,0.7964038372225929
1,5,0,0,3,2,0.7932034866730083
1,3,0,0,0,0,0.7964038372225929
0,5,0,7,2,1,0.3195411050924666
0,5,0,11,2,0,0.12085708462157246
0,5,0,11,1,1,0.1270640936921708
0,5,0,7,2,1,0.3195411050924666
1,5,0,0,2,2,0.7975637094864633
1,3,0,0,2,1,0.7926149345857402
0,5,0,7,2,2,0.3261818457325034
0,4,1,11,0,0,0.010511549308539288
1,4,0,0,2,0,0.78757740275796
1,4,0,0,3,1,0.7881764305470706
1,4,0,11,0,0,0.12666706170723838
1,5,0,0,0,0,0.7964038372225929
1,4,0,0,3,2,0.7932034866730083
1,4,0,0,1,1,0.7969843906800329
0,5,0,10,2,2,0.1646448846109271
1,4,0,5,12,2,0.4026622445277671
0,4,0,7,2,1,0.3195411050924666
1,4,0,0,4,1,0.7836688596158804
0,5,1,11,6,6,0.010737601454983356
1,5,0,11,0,0,0.12666706170723838
0,4,0,0,39,36,0.8041797658871404
0,5,0,7,1,1,0.3253945598991986
1,5,0,0,2,1,0.7926149345857402
1,4,0,0,4,2,0.7887742221397077
0,5,0,7,1,1,0.3253945598991986
1,5,0,0,8,7,0.7961277137296114
1,5,0,0,6,1,0.7744466915184317
1,3,0,0,8,4,0.7809373378164387
0,5,0,11,0,0,0.12666706170723838
1,5,0,0,2,1,0.7926149345857402
0,5,0,7,2,2,0.3261818457325034
0,5,1,11,5,2,0.009776773082735939
1,5,0,0,0,0,0.7964038372225929
0,5,0,2,0,0,0.6824225807745464
0,5,0,0,9,8,0.7967088535680095
1,5,0,0,0,0,0.7964038372225929
1,5,0,0,3,2,0.7932034866730083
1,5,0,5,0,0,0.46664130657284103
1,3,0,0,2,0,0.78757740275796
0,5,1,7,6,6,0.03471917684356259
0,5,0,7,3,1,0.31374397576805685
1,3,0,11,0,0,0.12666706170723838
0,5,0,11,44,39,0.12731302464297473
0,4,0,11,2,1,0.12412193169753141
1,5,0,5,27,26,0.48319777547424403
0,5,0,7,0,0,0.3246082588678925
1,3,0,11,404,355,0.12226588005193045
0,3,0,0,48,39,0.7794779426804356
1,5,0,0,1,1,0.7969843906800329
1,3,0,5,8,0,0.4138749780940087
0,5,1,7,100,99,0.046593441696484834
1,4,0,0,2,2,0.7975637094864633
1,4,0,0,2,2,0.7975637094864633
1,5,0,1,0,0,0.7435395896286738
0,3,0,7,45,27,0.24635382189211638
0,5,0,7,10,9,0.325807859777538
0,4,0,10,1,0,0.16002709229067072
1,5,0,0,2,1,0.7926149345857402
1,5,0,0,2,1,0.7926149345857402
1,4,0,0,8,6,0.7911530266768254
1,3,0,0,3,2,0.7932034866730083
1,5,0,0,3,1,0.7881764305470706
1,4,0,0,0,0,0.7964038372225929
0,5,0,0,0,0,0.7964038372225929
0,5,0,7,1,0,0.31876226510562944
1,5,0,0,0,0,0.7964038372225929
0,5,1,11,1,1,0.010548895000504772
0,5,0,11,8,4,0.11674873779710802
1,5,0,8,2,1,0.25818916759389826
1,4,0,0,14,10,0.7845941618177171
0,5,0,11,1,0,0.12373278988423611
0,3,0,7,4,1,0.3080044130402232
1,3,0,0,4,2,0.7887742221397077
1,4,0,0,0,0,0.7964038372225929
1,2,0,0,10,7,0.7872925057686323
1,2,0,11,2,1,0.12412193169753141
1,4,0,7,1,0,0.31876226510562944
1,4,0,7,2,1,0.3195411050924666
0,5,0,11,2,1,0.12412193169753141
1,4,0,7,14,13,0.32896493286917045
0,3,0,0,14,10,0.7845941618177171
1,5,0,0,72,69,0.8221389403490984
1,4,0,0,0,0,0.7964038372225929
0,1,0,10,41,4,0.06861248501422613
1,2,0,0,16,11,0.7806460156462973
0,5,1,7,0,0,0.03400561002045187
0,5,0,11,7,4,0.11953998005809784
0,5,0,7,2,1,0.3195411050924666
1,4,0,0,6,5,0.7949617289982128
1,4,0,0,1,1,0.7969843906800329
1,5,0,0,2,1,0.7926149345857402
1,4,0,0,8,4,0.7809373378164387
0,4,0,11,1,0,0.12373278988423611
0,5,0,7,1,0,0.31876226510562944
0,4,0,0,4,3,0.7937908030169029
0,4,0,11,0,0,0.12666706170723838
0,1,0,7,5,4,0.3218836618695919
1,5,0,0,0,0,0.7964038372225929
0,2,0,0,52,4,0.5230560687085166
1,4,0,0,8,5,0.7860895676888668
1,4,0,0,3,1,0.7881764305470706
1,4,0,0,1,1,0.7969843906800329
1,5,0,11,0,0,0.12666706170723838
1,4,0,0,3,1,0.7881764305470706
0,4,0,11,0,0,0.12666706170723838
0,5,0,7,0,0,0.3246082588678925
0,4,1,7,2,2,0.03424187937091465
0,5,0,0,0,0,0.7964038372225929
0,5,0,0,0,0,0.7964038372225929
1,4,0,7,0,0,0.3246082588678925
1,5,0,0,243,223,0.8358160042115114
1,4,0,0,3,3,0.7981417938668754
0,5,0,11,8,5,0.11991773998612094
0,4,0,0,2,2,0.7975637094864633
1,4,0,0,4,4,0.7987186440611279
1,5,0,0,0,0,0.7964038372225929
0,5,0,11,39,33,0.12204283357220286
0,1,0,0,23,14,0.7636904397167543
1,5,0,8,2,1,0.25818916759389826
1,5,0,0,2,1,0.7926149345857402
1,4,0,7,4,3,0.3211018065450797
1,5,0,0,2,1,0.7926149345857402
0,5,0,7,2,1,0.3195411050924666
1,4,0,0,4,4,0.7987186440611279
0,5,0,7,5,5,0.3285495797878528
0,5,0,7,0,0,0.3246082588678925
0,5,0,11,2,0,0.12085708462157246
0,5,0,7,0,0,0.3246082588678925
1,4,0,0,5,3,0.7893707775305534
0,5,0,0,30,30,0.8132846788292027
1,5,0,11,0,0,0.12666706170723838
1,5,0,0,4,4,0.7987186440611279
1,5,0,0,1,0,0.7920251466433884
0,5,0,0,4,2,0.7887742221397077
0,5,1,0,2,1,0.21871021420214998
1,4,0,8,1,0,0.25750327617296553
0,5,0,11,3,2,0.12451212346611629
1,5,0,0,0,0,0.7964038372225929
0,4,0,11,1,0,0.12373278988423611
1,5,0,0,1,1,0.7969843906800329
0,5,0,7,4,4,0.3277593589231242
1,4,0,0,2,1,0.7926149345857402
0,5,0,0,3,3,0.7981417938668754
1,5,0,0,2,1,0.7926149345857402
1,5,0,0,6,5,0.7949617289982128
0,4,0,0,2,0,0.78757740275796
1,4,0,0,2,1,0.7926149345857402
0,5,1,7,6,2,0.0308694617456446
1,5,0,0,1,1,0.7969843906800329
1,3,0,0,1,0,0.7920251466433884
0,5,0,11,5,0,0.112573965326652
1,4,0,0,2,1,0.7926149345857402
0,5,0,7,3,2,0.32032095325902354
0,5,0,7,3,1,0.31374397576805685
1,3,0,11,1,0,0.12373278988423611
1,3,0,0,5,0,0.7738199786949346
1,5,0,0,2,1,0.7926149345857402
0,5,0,0,14,14,0.8044193290262557
1,3,0,0,1,1,0.7969843906800329
0,5,0,7,0,0,0.3246082588678925
1,2,0,0,11,7,0.7827713092099993
0,2,0,7,38,8,0.18127111982650349
0,5,0,7,2,2,0.3261818457325034
0,3,0,7,1,1,0.3253945598991986
0,5,0,11,2,1,0.12412193169753141
1,5,0,0,2,1,0.7926149345857402
0,3,0,11,12,2,0.10051584265226682
0,5,0,7,2,1,0.3195411050924666
1,5,0,0,3,1,0.7881764305470706
1,4,0,0,0,0,0.7964038372225929
1,4,0,0,0,0,0.7964038372225929
1,5,0,0,1,1,0.7969843906800329
1,4,0,0,0,0,0.7964038372225929
0,3,0,0,5,3,0.7893707775305534
0,3,0,0,3,2,0.7932034866730083
0,4,0,7,6,2,0.3030801368291545
0,4,1,0,17,9,0.1927766356534774
1,4,0,7,22,15,0.29599276745386427
1,3,0,0,16,11,0.7806460156462973
0,5,0,7,2,2,0.3261818457325034
1,4,0,0,0,0,0.7964038372225929
0,5,0,0,3,2,0.7932034866730083
0,5,0,0,4,4,0.7987186440611279
1,5,0,0,1,1,0.7969843906800329
1,4,0,0,4,2,0.7887742221397077
1,5,0,0,6,4,0.7899660967301603
1,3,0,0,2,1,0.7926149345857402
0,2,0,0,13,7,0.7735219363971924
0,3,0,10,3,1,0.15693210629551035
0,5,1,7,1,1,0.034123547431344735
1,5,0,0,2,1,0.7926149345857402
0,4,0,11,1,0,0.12373278988423611
1,3,0,0,8,6,0.7911530266768254
0,5,1,11,2,1,0.010272886458069397
0,5,0,0,0,0,0.7964038372225929
1,5,0,0,5,4,0.7943768837445078
1,3,0,0,3,1,0.7881764305470706
0,5,0,7,1,0,0.31876226510562944
0,4,0,7,10,9,0.325807859777538
1,3,0,0,2,1,0.7926149345857402
0,4,0,7,0,0,0.3246082588678925
1,3,0,11,6,4,0.12238870867953672
1,4,0,0,3,3,0.7981417938668754
0,5,1,11,7,5,0.010147022413808287
0,4,0,0,1,1,0.7969843906800329
0,4,0,7,1,0,0.31876226510562944
0,3,0,7,7,0,0.28491354222321424
0,5,0,0,2,2,0.7975637094864633
1,5,0,0,0,0,0.7964038372225929
0,4,0,11,0,0,0.12666706170723838
1,4,0,0,0,0,0.7964038372225929
1,4,0,0,1,1,0.7969843906800329
0,5,0,0,18,14,0.7870073300158484
1,4,0,0,2,1,0.7926149345857402
1,5,0,7,1,1,0.3253945598991986
1,5,0,0,0,0,0.7964038372225929
0,4,0,0,0,0,0.7964038372225929
1,4,0,11,6,5,0.12568901586838085
1,3,0,0,9,4,0.776319437867619
0,4,0,7,4,3,0.3211018065450797
1,5,0,0,55,55,0.8265115525444128
1,5,0,0,1,1,0.7969843906800329
0,3,1,7,0,0,0.03400561002045187
1,5,0,0,2,0,0.78757740275796
0,4,0,11,2,1,0.12412193169753141
0,4,1,0,2,1,0.21871021420214998
1,5,0,0,0,0,0.7964038372225929
0,2,0,10,24,4,0.10407572334655864
1,5,0,0,1,1,0.7969843906800329
1,4,0,0,0,0,0.7964038372225929
0,3,0,7,5,1,0.3023235925989156
0,5,0,7,0,0,0.3246082588678925
0,3,0,7,26,2,0.20286021674338775
1,4,0,0,1,0,0.7920251466433884
1,5,0,0,0,0,0.7964038372225929
1,5,0,11,0,0,0.12666706170723838
1,4,0,0,2,1,0.7926149345857402
0,5,0,0,3,3,0.7981417938668754
0,3,1,7,2,0,0.03228869964533917
1,5,0,8,2,1,0.25818916759389826
0,5,1,0,5,2,0.21028668932411895
1,5,0,11,2,0,0.12085708462157246
0,5,0,0,0,0,0.7964038372225929
1,5,0,0,79,70,0.7979835870742248
1,5,0,0,8,7,0.7961277137296114
1,3,0,0,304,266,0.7857152487048236
0,5,0,7,12,6,0.294854933065894
0,5,0,7,0,0,0.3246082588678925
0,5,0,7,3,3,0.3269701131524728
1,5,0,0,8,8,0.8010137082902168
0,4,0,7,3,1,0.31374397576805685
0,5,0,0,9,7,0.7917446375237484
0,5,0,7,3,2,0.32032095325902354
0,5,1,11,3,3,0.01062398062513728
1,5,0,0,2,1,0.7926149345857402
1,3,0,0,6,4,0.7899660967301603
1,4,0,0,0,0,0.7964038372225929
1,4,0,0,0,0,0.7964038372225929
0,2,0,7,5,4,0.3218836618695919
1,4,0,0,5,1,0.7790922525890631
1,5,0,0,2,1,0.7926149345857402
0,5,0,7,0,0,0.3246082588678925
1,3,0,0,6,2,0.7797085155074212
0,5,0,7,5,5,0.3285495797878528
1,5,0,0,0,0,0.7964038372225929
0,5,1,0,0,0,0.22270173475773658
0,5,0,10,8,6,0.15931778496185545
0,5,0,0,2,2,0.7975637094864633
1,4,0,0,3,3,0.7981417938668754
1,5,0,0,3,0,0.7830605931842805
1,3,0,0,12,9,0.7884904992263235
0,3,0,7,9,3,0.2926241985144269
1,3,0,0,0,0,0.7964038372225929
1,5,0,0,463,395,0.7227011833774085
1,5,0,11,1,0,0.12373278988423611
0,2,0,7,13,4,0.2769854102275217
1,5,0,7,1,1,0.3253945598991986
0,1,0,7,20,5,0.24663650821491281
0,3,0,10,1,0,0.16002709229067072
0,5,1,7,0,0,0.03400561002045187
0,5,0,0,6,6,0.7998686429245112
1,5,0,0,4,2,0.7887742221397077
0,5,0,7,1,0,0.31876226510562944
0,5,0,7,0,0,0.3246082588678925
1,3,0,0,0,0,0.7964038372225929
0,5,0,11,4,2,0.12162081944992373
1,4,0,0,3,3,0.7981417938668754
1,5,0,7,2,0,0.3129727666423729
1,5,0,11,0,0,0.12666706170723838
1,3,0,0,7,0,0.7643042298834088
0,5,0,7,0,0,0.3246082588678925
1,4,0,0,0,0,0.7964038372225929
1,5,0,0,1,0,0.7920251466433884
1,4,0,8,5,4,0.2602539763895949
1,5,0,0,7,4,0.7854862445379855
1,4,0,0,2,1,0.7926149345857402
1,2,0,0,46,40,0.7935710674081532
0,5,0,7,3,0,0.30724099585870046
1,4,0,0,1,1,0.7969843906800329
0,5,0,7,3,2,0.32032095325902354
1,4,0,0,0,0,0.7964038372225929
0,4,0,7,3,2,0.32032095325902354
1,5,0,0,0,0,0.7964038372225929
0,4,0,7,8,5,0.3110685685442999
1,5,0,0,1,1,0.7969843906800329
1,4,0,0,1,0,0.7920251466433884
1,4,0,0,5,2,0.7842758903999808
0,5,1,11,5,2,0.009776773082735939
1,5,0,0,4,2,0.7887742221397077
0,5,0,7,0,0,0.3246082588678925
1,3,0,0,6,3,0.7848816854105684
1,4,0,0,1,0,0.7920251466433884
0,5,0,11,16,4,0.09639643454001079
1,5,0,0,2,2,0.7975637094864633
0,4,0,7,0,0,0.3246082588678925
1,5,0,5,2,2,0.4684258842394097
0,3,0,7,1,1,0.3253945598991986
0,5,0,7,0,0,0.3246082588678925
0,5,1,0,3,1,0.21416661907513623
0,5,0,0,1,1,0.7969843906800329
1,5,0,0,1,1,0.7969843906800329
0,5,0,11,0,0,0.12666706170723838
1,4,0,0,2,1,0.7926149345857402
0,5,0,0,0,0,0.7964038372225929
1,5,0,0,2,1,0.7926149345857402
0,4,0,11,11,6,0.11474036721934891
1,5,0,5,0,0,0.46664130657284103
1,4,0,0,2,1,0.7926149345857402
0,4,0,0,2,2,0.7975637094864633
0,4,0,7,1,1,0.3253945598991986
1,5,0,0,3,2,0.7932034866730083
0,4,0,7,0,0,0.3246082588678925
1,3,0,0,1,0,0.7920251466433884
1,3,0,7,1,0,0.31876226510562944
0,4,0,0,8,5,0.7860895676888668
1,5,0,0,6,3,0.7848816854105684
1,5,0,5,0,0,0.46664130657284103
0,2,0,10,24,9,0.11911309069403736
1,4,0,0,4,2,0.7887742221397077
0,5,0,7,120,117,0.4028293300229344
1,5,0,0,0,0,0.7964038372225929
0,5,0,0,43,38,0.7967671868616256
0,5,0,11,2,1,0.12412193169753141
0,5,0,7,1,1,0.3253945598991986
0,5,0,7,4,2,0.31451621528683904
1,5,0,8,2,0,0.25241414174861626
1,5,0,0,2,1,0.7926149345857402
0,2,0,7,7,6,0.32345036620582074
0,5,0,0,6,1,0.7744466915184317
1,5,0,0,4,3,0.7937908030169029
0,5,0,7,11,9,0.31995049635091183
1,5,0,0,3,2,0.7932034866730083
0,4,0,11,2,2,0.12746218852478497
0,5,0,0,2,1,0.7926149345857402
1,2,0,0,12,8,0.7833801623724185
1,5,0,0,6,5,0.7949617289982128
0,5,0,7,2,2,0.3261818457325034
0,5,1,7,3,2,0.03336685658758389
1,3,0,0,4,4,0.7987186440611279
0,1,0,10,101,42,0.04472689475809799
0,5,1,7,3,2,0.03336685658758389
0,5,0,11,3,2,0.12451212346611629
1,5,0,0,2,0,0.78757740275796
1,4,0,7,0,0,0.3246082588678925
1,3,0,0,2,1,0.7926149345857402
0,3,0,0,0,0,0.7964038372225929
0,5,0,10,1,0,0.16002709229067072
1,5,0,0,2,1,0.7926149345857402
0,5,0,7,1,1,0.3253945598991986
1,3,0,0,8,6,0.7911530266768254
1,4,0,0,3,1,0.7881764305470706
1,5,0,0,0,0,0.7964038372225929
0,5,0,11,5,5,0.12866286714695252
1,4,0,7,3,2,0.32032095325902354
1,5,0,0,4,2,0.7887742221397077
1,3,0,0,241,194,0.6899944358571839
0,5,0,10,4,3,0.1614777578014849
0,2,0,7,14,8,0.2963475729323734
0,5,0,11,0,0,0.12666706170723838
0,5,0,7,1,0,0.31876226510562944
0,5,0,11,4,2,0.12162081944992373
0,2,0,10,13,8,0.1497554629406147
1,5,0,0,1,0,0.7920251466433884
1,5,0,0,2,1,0.7926149345857402
1,5,0,7,0,0,0.3246082588678925
1,2,0,0,441,382,0.7599549412183583
1,5,0,0,0,0,0.7964038372225929
1,2,0,0,5,4,0.7943768837445078
0,5,0,0,3,2,0.7932034866730083
0,5,0,11,13,6,0.10940891129422449
1,5,0,11,1,1,0.1270640936921708
0,5,1,11,29,25,0.010330456054956427
0,5,0,7,0,0,0.3246082588678925
1,3,0,0,1,0,0.7920251466433884
1,4,0,0,6,6,0.7998686429245112
1,3,0,0,0,0,0.7964038372225929
1,5,0,0,2,1,0.7926149345857402
1,4,0,0,0,0,0.7964038372225929
1,5,0,0,5,5,0.7992942603238775
0,4,0,0,6,4,0.7899660967301603
1,4,0,0,0,0,0.7964038372225929
1,4,0,0,4,3,0.7937908030169029
1,4,0,0,0,0,0.7964038372225929
1,4,0,0,1,1,0.7969843906800329
0,5,0,7,4,2,0.31451621528683904
0,5,0,11,1,0,0.12373278988423611
0,5,1,11,32,30,0.011087699259795816
1,5,0,0,1,1,0.7969843906800329
0,4,1,0,5,3,0.2153755516110463
1,4,0,8,5,4,0.2602539763895949
0,5,0,0,0,0,0.7964038372225929
0,5,1,7,5,4,0.03359884227155264
0,5,0,7,15,13,0.32307801043334683
0,5,0,7,37,36,0.3474125907023762
1,5,0,0,4,3,0.7937908030169029
1,5,0,0,0,0,0.7964038372225929
0,5,0,0,0,0,0.7964038372225929
0,4,0,11,0,0,0.12666706170723838
0,4,0,10,4,3,0.1614777578014849
1,4,0,0,0,0,0.7964038372225929
1,3,0,11,3,2,0.12451212346611629
0,2,0,7,18,8,0.27449807705304347
1,5,0,0,3,2,0.7932034866730083
1,5,0,0,4,3,0.7937908030169029
1,5,0,0,3,2,0.7932034866730083
1,4,0,0,1,0,0.7920251466433884
1,5,0,0,2,1,0.7926149345857402
0,5,0,11,0,0,0.12666706170723838
1,5,0,0,3,2,0.7932034866730083
0,5,0,10,2,2,0.1646448846109271
1,5,0,0,2,1,0.7926149345857402
1,4,0,11,1,0,0.12373278988423611
0,4,0,11,1,0,0.12373278988423611
1,4,0,0,2,0,0.78757740275796
0,4,0,7,14,11,0.3156959536034428
0,5,1,0,0,0,0.22270173475773658
0,5,0,7,1,0,0.31876226510562944
0,5,0,7,6,5,0.3226665161307144
0,5,0,7,5,4,0.3218836618695919
0,5,0,0,1,1,0.7969843906800329
0,5,0,0,2,1,0.7926149345857402
1,4,0,0,5,5,0.7992942603238775
0,5,1,11,1,1,0.010548895000504772
0,5,0,11,2,0,0.12085708462157246
0,5,0,10,3,3,0.16513844709851494
0,4,0,7,1,1,0.3253945598991986
1,5,0,0,3,2,0.7932034866730083
1,5,0,7,5,5,0.3285495797878528
0,5,0,7,2,1,0.3195411050924666
0,5,0,7,3,3,0.3269701131524728
0,3,0,0,3,1,0.7881764305470706
0,3,1,0,1,1,0.22332280910588734
0,3,1,0,2,1,0.21871021420214998
0,5,0,11,5,3,0.12200424388199559
1,4,0,0,13,11,0.7940987219614436
0,5,0,11,15,14,0.12927694976213921
0,5,0,7,2,2,0.3261818457325034
1,4,0,0,2,1,0.7926149345857402
1,2,0,0,211,170,0.7057482069319082
0,5,0,11,7,5,0.12277421560294516
0,5,0,7,1,1,0.3253945598991986
1,5,0,0,0,0,0.7964038372225929
1,4,0,0,5,3,0.7893707775305534
1,5,0,7,3,3,0.3269701131524728
1,5,0,0,0,0,0.7964038372225929
0,5,0,7,4,3,0.3211018065450797
0,5,0,11,2,1,0.12412193169753141
0,5,0,11,2,1,0.12412193169753141
0,4,0,7,2,1,0.3195411050924666
1,4,0,0,1,1,0.7969843906800329
0,4,0,11,4,1,0.11841286638270639
0,1,1,7,13,2,0.025726366181026413
0,5,0,11,5,2,0.11878754504574737
0,3,0,0,118,69,0.5740697694742877
1,3,0,0,5,3,0.7893707775305534
0,5,0,0,0,0,0.7964038372225929
0,5,0,11,6,4,0.12238870867953672
1,4,0,0,4,2,0.7887742221397077
1,4,0,0,9,2,0.765593147074165
1,2,0,0,116,92,0.7409118430656115
1,4,0,0,2,1,0.7926149345857402
1,5,0,0,5,3,0.7893707775305534
1,3,0,0,5,4,0.7943768837445078
1,4,0,0,1,1,0.7969843906800329
0,3,0,7,4,2,0.31451621528683904
1,5,0,0,4,2,0.7887742221397077
1,4,0,7,0,0,0.3246082588678925
1,5,0,0,0,0,0.7964038372225929
0,5,0,11,2,1,0.12412193169753141
0,5,0,0,9,7,0.7917446375237484
0,2,0,0,8,7,0.7961277137296114
1,5,0,7,2,2,0.3261818457325034
0,5,0,0,1,1,0.7969843906800329
1,5,0,0,1,1,0.7969843906800329
1,4,0,0,3,0,0.7830605931842805
0,5,1,11,0,0,0.010511549308539288
0,4,0,7,4,1,0.3080044130402232
1,4,0,0,1,0,0.7920251466433884
1,4,0,0,1,1,0.7969843906800329
1,4,0,0,6,4,0.7899660967301603
1,5,0,0,5,3,0.7893707775305534
1,5,0,0,5,3,0.7893707775305534
1,4,0,0,2,1,0.7926149345857402
1,4,0,0,1,1,0.7969843906800329
0,5,0,7,0,0,0.3246082588678925
0,5,0,7,1,0,0.31876226510562944
0,1,0,7,34,24,0.2860653554044033
1,5,0,5,2,2,0.4684258842394097
0,5,0,11,2,1,0.12412193169753141
1,3,0,7,44,35,0.2997786454319174
0,2,0,11,20,10,0.10313820269831482
0,5,0,11,2,2,0.12746218852478497
1,4,0,0,7,4,0.7854862445379855
1,2,0,7,7,3,0.30383774977195105
1,4,0,11,3,1,0.12123843361910774
0,4,1,11,3,3,0.01062398062513728
1,5,0,0,6,4,0.7899660967301603
0,3,0,0,18,13,0.7818710714225109
1,4,1,11,1,0,0.010236507795343621
1,4,0,0,1,0,0.7920251466433884
0,5,0,7,5,2,0.30876888165708494
1,4,0,0,1,0,0.7920251466433884
1,5,0,0,3,1,0.7881764305470706
0,5,0,0,2,2,0.7975637094864633
1,3,0,0,1,0,0.7920251466433884
1,5,0,0,243,207,0.7579367088807873
1,5,0,0,7,4,0.7854862445379855
0,5,1,11,2,1,0.010272886458069397
1,3,0,0,3,2,0.7932034866730083
0,5,0,7,5,5,0.3285495797878528
0,5,0,7,4,4,0.3277593589231242
0,5,1,11,0,0,0.010511549308539288
1,4,0,0,3,0,0.7830605931842805
1,3,0,0,7,3,0.7803235439943649
0,4,0,7,1,0,0.31876226510562944
1,5,0,7,5,4,0.3218836618695919
0,1,0,7,17,7,0.27378485063280544
0,4,0,11,5,3,0.12200424388199559
0,1,0,7,5,2,0.30876888165708494
1,4,0,0,0,0,0.7964038372225929
1,4,0,0,3,1,0.7881764305470706
0,5,0,7,0,0,0.3246082588678925
1,2,0,0,11,7,0.7827713092099993
0,4,1,7,2,1,0.03325144440920924
1,5,0,0,26,20,0.78158064368655
0,5,1,7,0,0,0.03400561002045187
0,4,0,11,13,9,0.11860949130675998
1,5,0,0,1,0,0.7920251466433884
1,4,0,0,5,3,0.7893707775305534
1,5,0,0,0,0,0.7964038372225929
0,5,0,7,0,0,0.3246082588678925
0,5,0,0,1,1,0.7969843906800329
1,5,0,0,3,2,0.7932034866730083
0,5,0,11,4,3,0.12490336692855485
0,5,0,7,0,0,0.3246082588678925
0,5,0,0,1,1,0.7969843906800329
0,2,1,7,19,8,0.026270927745111226
0,2,0,0,0,0,0.7964038372225929
1,4,0,0,12,9,0.7884904992263235
0,1,0,11,36,6,0.0622100915615871
1,5,0,0,53,42,0.7720275611991375
0,5,0,7,0,0,0.3246082588678925
1,5,0,0,3,2,0.7932034866730083
1,4,0,0,4,3,0.7937908030169029
1,3,0,0,11,7,0.7827713092099993
0,4,0,7,0,0,0.3246082588678925
1,4,0,0,2,1,0.7926149345857402
1,5,0,0,4,2,0.7887742221397077
1,5,0,0,7,6,0.7955453389356472
0,5,0,7,5,3,0.31528948229471604
1,3,0,0,8,4,0.7809373378164387
1,5,0,11,2,0,0.12085708462157246
0,5,0,11,3,0,0.11803921122362222
0,5,0,7,4,0,0.30156811967085534
0,5,0,0,2,1,0.7926149345857402
1,5,0,0,2,1,0.7926149345857402
0,4,0,10,2,1,0.16050947169361982
1,3,0,0,7,3,0.7803235439943649
1,2,0,0,5,1,0.7790922525890631
0,5,0,11,0,0,0.12666706170723838
0,5,0,11,22,19,0.1253154035598043
0,5,0,0,1,1,0.7969843906800329
0,5,0,0,0,0,0.7964038372225929
0,5,0,7,0,0,0.3246082588678925
1,5,0,5,5,5,0.4711042516129698
1,4,0,7,0,0,0.3246082588678925
0,5,0,7,7,2,0.29745109962347327
1,5,0,11,0,0,0.12666706170723838
1,5,0,0,2,2,0.7975637094864633
0,3,0,0,198,183,0.8345204800607552
1,5,0,7,2,2,0.3261818457325034
0,1,0,11,58,29,0.06889563894027197
0,4,0,7,4,4,0.3277593589231242
0,5,0,11,1,0,0.12373278988423611
0,5,0,7,1,0,0.31876226510562944
0,5,1,11,0,0,0.010511549308539288
1,4,0,0,0,0,0.7964038372225929
1,3,0,0,19,14,0.7824817466363946
0,1,0,11,45,8,0.05248158269135887
0,2,0,11,13,5,0.10648401913473353
1,5,0,0,8,5,0.7860895676888668
1,4,0,0,5,3,0.7893707775305534
1,5,0,0,5,5,0.7992942603238775
1,4,0,7,2,1,0.3195411050924666
0,5,0,11,1,1,0.1270640936921708
1,5,0,0,2,1,0.7926149345857402
1,3,0,0,7,5,0.7905601797648855
0,4,0,10,5,1,0.14997231660825153
0,5,0,0,1,1,0.7969843906800329
1,5,0,0,4,3,0.7937908030169029
0,5,0,10,4,4,0.16563319579021094
0,4,0,7,25,23,0.3309659380486978
0,4,0,7,2,2,0.3261818457325034
0,5,0,7,0,0,0.3246082588678925
1,5,0,0,2,1,0.7926149345857402
0,5,0,7,4,4,0.3277593589231242
1,5,0,0,2,1,0.7926149345857402
1,3,0,0,2,0,0.78757740275796
0,3,0,11,3,2,0.12451212346611629
0,5,0,7,0,0,0.3246082588678925
1,5,0,0,4,3,0.7937908030169029
0,5,1,0,4,3,0.21993761626962496
1,4,0,11,1,1,0.1270640936921708
1,4,0,0,1,0,0.7920251466433884
1,5,0,0,4,1,0.7836688596158804
1,4,0,0,0,0,0.7964038372225929
0,5,0,0,3,3,0.7981417938668754
0,3,0,7,8,1,0.2856443564837812
0,4,0,0,0,0,0.7964038372225929
1,5,0,0,2,1,0.7926149345857402
0,3,0,11,5,3,0.12200424388199559
1,5,0,5,0,0,0.46664130657284103
0,4,0,0,14,6,0.7633505980331676
0,3,0,7,4,3,0.3211018065450797
1,4,0,0,1,0,0.7920251466433884
0,5,1,7,2,2,0.03424187937091465
0,4,0,11,3,2,0.12451212346611629
0,4,0,7,30,25,0.31496100548862305
1,4,0,0,3,0,0.7830605931842805
1,5,0,0,1,1,0.7969843906800329
0,5,0,0,1,1,0.7969843906800329
1,4,0,0,1,1,0.7969843906800329
1,5,0,11,0,0,0.12666706170723838
1,4,0,0,7,5,0.7905601797648855
0,4,0,0,2,1,0.7926149345857402
0,5,1,7,3,1,0.032400882234657
1,4,0,11,1,0,0.12373278988423611
1,5,0,0,3,2,0.7932034866730083
0,3,0,11,1,1,0.1270640936921708
1,5,0,0,1,1,0.7969843906800329
1,4,0,0,2,1,0.7926149345857402
1,2,0,0,29,9,0.7027414369183147
1,5,0,0,1,0,0.7920251466433884
1,5,0,0,18,16,0.7970135294240653
1,5,0,0,1,1,0.7969843906800329
1,5,0,0,3,2,0.7932034866730083
0,5,0,7,6,3,0.30953439896226076
1,3,0,0,65,53,0.7742436875074211
1,5,0,0,2,1,0.7926149345857402
0,2,0,11,8,4,0.11674873779710802
1,4,0,7,3,3,0.3269701131524728
1,4,0,0,1,0,0.7920251466433884
0,5,1,0,0,0,0.22270173475773658
0,3,0,11,9,9,0.13027875481834447
1,5,0,0,0,0,0.7964038372225929
0,5,0,0,2,2,0.7975637094864633
1,5,0,0,1,1,0.7969843906800329
0,5,0,10,4,3,0.1614777578014849
0,5,0,11,5,2,0.11878754504574737
1,5,0,0,3,1,0.7881764305470706
1,5,0,0,0,0,0.7964038372225929
0,5,1,11,4,3,0.010346028033211453
1,4,0,0,2,2,0.7975637094864633
0,5,0,7,0,0,0.3246082588678925
0,5,0,7,2,2,0.3261818457325034
1,5,0,0,8,5,0.7860895676888668
0,2,0,0,6,3,0.7848816854105684
0,5,0,0,1,0,0.7920251466433884
0,3,0,11,4,2,0.12162081944992373
1,5,0,0,6,3,0.7848816854105684
0,5,0,7,0,0,0.3246082588678925
0,5,1,4,8,6,0.07726149947765222
0,5,1,11,3,3,0.01062398062513728
0,5,1,11,2,2,0.010586371955616873
0,2,0,7,9,3,0.2926241985144269
1,5,0,0,0,0,0.7964038372225929
1,5,0,11,0,0,0.12666706170723838
0,1,0,7,31,2,0.1820570004233803
0,3,0,7,1,1,0.3253945598991986
1,4,0,0,4,4,0.7987186440611279
1,5,0,0,10,8,0.7923350123790284
0,2,0,10,61,13,0.053623437403640874
0,5,0,7,1,1,0.3253945598991986
0,5,0,7,1,1,0.3253945598991986
0,5,0,0,0,0,0.7964038372225929
0,5,0,0,1,1,0.7969843906800329
0,4,1,11,2,0,0.00996859041946763
1,5,0,0,2,1,0.7926149345857402
1,4,0,7,1,0,0.31876226510562944
1,5,0,11,0,0,0.12666706170723838
0,5,0,7,3,3,0.3269701131524728
0,5,0,4,2,2,0.5431562255464355
0,4,1,10,1,1,0.014180451163224242
1,5,0,0,44,42,0.8116738631182824
1,4,0,5,5,4,0.46354276887984996
0,5,0,7,5,4,0.3218836618695919
0,5,0,7,1,1,0.3253945598991986
1,5,0,0,1,0,0.7920251466433884
0,4,0,11,0,0,0.12666706170723838
1,4,0,0,3,2,0.7932034866730083
1,5,1,0,3,2,0.21932329784011861
0,5,0,0,101,79,0.7422510946375677
0,5,0,7,0,0,0.3246082588678925
0,5,1,11,6,4,0.010111084911297127
1,4,0,0,2,2,0.7975637094864633
0,3,0,0,0,0,0.7964038372225929
0,4,0,7,2,0,0.3129727666423729
0,1,0,11,7,2,0.11329210180835463
1,3,0,7,2,1,0.3195411050924666
1,5,0,0,0,0,0.7964038372225929
1,5,0,5,0,0,0.46664130657284103
0,3,0,7,4,3,0.3211018065450797
1,5,0,1,2,1,0.739089192259125
1,5,0,0,2,1,0.7926149345857402
0,5,0,7,0,0,0.3246082588678925
0,5,0,11,0,0,0.12666706170723838
0,5,0,3,1,1,0.6151450256710702
0,5,0,7,12,11,0.32738444304739595
1,5,0,0,3,2,0.7932034866730083
0,5,0,11,4,2,0.12162081944992373
1,5,0,0,3,2,0.7932034866730083
0,5,1,0,7,0,0.19192740774661268
0,3,0,7,9,7,0.3183927664041494
1,5,0,1,0,0,0.7435395896286738
0,5,0,11,2,0,0.12085708462157246
1,5,0,0,5,2,0.7842758903999808
1,5,0,0,3,2,0.7932034866730083
1,4,0,11,1,1,0.1270640936921708
0,5,0,7,0,0,0.3246082588678925
1,4,0,0,3,2,0.7932034866730083
1,5,0,0,13,13,0.803854804279733
1,4,0,11,2,1,0.12412193169753141
1,5,0,0,3,0,0.7830605931842805
1,5,0,0,0,0,0.7964038372225929
1,4,0,0,5,3,0.7893707775305534
0,4,0,7,8,8,0.3309260600717113
0,5,0,0,1,1,0.7969843906800329
1,3,0,0,7,4,0.7854862445379855
0,5,0,7,0,0,0.3246082588678925
0,5,0,7,1,1,0.3253945598991986
0,4,1,7,4,3,0.03348265547526789
0,2,1,11,4,2,0.010039587424592248
1,4,0,0,2,1,0.7926149345857402
0,4,0,7,2,1,0.3195411050924666
1,3,0,0,1,1,0.7969843906800329
0,5,1,0,2,2,0.22394511649717866
1,3,0,0,5,3,0.7893707775305534
0,5,1,11,3,2,0.010309393057245533
1,5,0,0,1,1,0.7969843906800329
1,5,0,0,1,0,0.7920251466433884
1,3,0,0,17,14,0.7914638496785182
1,5,0,0,441,428,0.9275560673358278
1,3,0,0,17,13,0.7864058920251816
1,4,0,0,0,0,0.7964038372225929
0,5,0,10,5,4,0.161963666864341
0,4,0,0,31,28,0.799624894190613
1,5,0,0,8,7,0.7961277137296114
1,4,0,0,1,0,0.7920251466433884
0,4,0,7,3,0,0.30724099585870046
0,5,0,11,3,2,0.12451212346611629
1,4,0,0,0,0,0.7964038372225929
0,5,0,7,90,88,0.38441700483781244
1,4,0,0,0,0,0.7964038372225929
0,4,0,10,2,1,0.16050947169361982
0,5,0,7,4,4,0.3277593589231242
1,1,0,0,79,68,0.7880124878257422
0,5,0,7,1,1,0.3253945598991986
0,5,1,11,2,2,0.010586371955616873
1,3,0,0,3,2,0.7932034866730083
1,4,0,0,2,1,0.7926149345857402
1,5,0,0,2,1,0.7926149345857402
0,5,1,7,2,2,0.03424187937091465
1,5,0,11,4,2,0.12162081944992373
0,1,0,7,16,4,0.261180766008423
1,4,0,0,1,0,0.7920251466433884
1,4,0,0,1,0,0.7920251466433884
0,5,1,11,0,0,0.010511549308539288
0,5,0,7,5,1,0.3023235925989156
0,5,1,11,0,0,0.010511549308539288
1,4,0,0,3,3,0.7981417938668754
0,5,1,7,3,1,0.032400882234657
1,4,0,11,0,0,0.12666706170723838
1,3,0,11,0,0,0.12666706170723838
1,5,0,0,5,4,0.7943768837445078
0,1,0,11,21,10,0.10068614361657778
1,4,0,7,3,3,0.3269701131524728
0,4,0,7,17,17,0.33810707407715873
1,5,0,5,14,13,0.47157325191325117
0,1,0,0,15,12,0.7902782179507423
0,5,0,11,3,2,0.12451212346611629
1,5,0,0,0,0,0.7964038372225929
0,5,1,0,2,1,0.21871021420214998
0,4,0,0,30,5,0.6708627353937996
0,5,1,7,0,0,0.03400561002045187
1,5,0,0,0,0,0.7964038372225929
0,5,0,10,10,8,0.1602802546788311
1,5,0,0,55,47,0.7888642274072767
0,4,0,11,1,0,0.12373278988423611
1,4,0,7,0,0,0.3246082588678925
1,4,0,0,39,34,0.7944357135332832
0,3,0,0,78,70,0.8022681476897101
1,2,0,0,60,48,0.7710958193492358
0,4,0,7,2,2,0.3261818457325034
0,5,0,0,0,0,0.7964038372225929
0,5,0,11,5,1,0.11564448532747088
1,4,0,0,1,1,0.7969843906800329
1,3,0,0,172,163,0.8464566860282345
1,4,0,0,1,0,0.7920251466433884
0,5,0,7,3,3,0.3269701131524728
1,3,0,0,8,4,0.7809373378164387
1,4,0,0,8,8,0.8010137082902168
0,4,0,7,1,0,0.31876226510562944
1,3,0,0,8,7,0.7961277137296114
1,5,0,0,1,1,0.7969843906800329
1,4,0,0,0,0,0.7964038372225929
1,4,0,0,0,0,0.7964038372225929
0,5,0,7,0,0,0.3246082588678925
1,5,0,0,4,3,0.7937908030169029
0,5,0,0,0,0,0.7964038372225929
1,4,0,0,0,0,0.7964038372225929
0,5,0,10,7,3,0.150888461767404
1,4,0,0,1,0,0.7920251466433884
1,5,0,7,0,0,0.3246082588678925
1,5,0,0,8,7,0.7961277137296114
0,5,0,11,3,1,0.12123843361910774
0,2,0,11,14,4,0.10116582646707228
1,5,0,0,3,3,0.7981417938668754
1,5,0,0,0,0,0.7964038372225929
1,4,0,0,4,3,0.7937908030169029
0,5,0,0,19,15,0.7876075318662966
1,4,0,0,6,2,0.7797085155074212
1,5,0,7,0,0,0.3246082588678925
1,5,0,0,4,3,0.7937908030169029
1,4,0,0,0,0,0.7964038372225929
0,5,0,7,6,4,0.31606377386673434
0,5,0,11,3,2,0.12451212346611629
1,4,0,1,0,0,0.7435395896286738
0,5,0,7,8,1,0.2856443564837812
1,3,0,0,4,3,0.7937908030169029
1,5,0,0,1,0,0.7920251466433884
0,5,1,9,1,1,0.01903814943787962
0,5,0,11,1,0,0.12373278988423611
1,3,0,0,17,10,0.7706997816570759
0,1,0,0,47,32,0.7458850647216979
0,5,0,7,0,0,0.3246082588678925
0,4,0,11,2,2,0.12746218852478497
0,4,0,0,6,5,0.7949617289982128
0,3,1,11,6,0,0.008964611963219796
0,5,0,7,2,1,0.3195411050924666
0,5,0,7,0,0,0.3246082588678925
0,5,0,11,1,0,0.12373278988423611
1,3,0,11,0,0,0.12666706170723838
0,5,1,11,1,0,0.010236507795343621
1,5,0,11,0,0,0.12666706170723838
1,5,0,0,2,1,0.7926149345857402
0,5,0,7,0,0,0.3246082588678925
1,4,0,0,0,0,0.7964038372225929
1,3,0,0,3,2,0.7932034866730083
0,5,0,7,1,1,0.3253945598991986
1,5,0,0,1,1,0.7969843906800329
0,4,0,7,3,0,0.30724099585870046
0,3,0,7,10,3,0.2871093544198382
1,5,0,1,11,11,0.7509854017682885
0,5,0,0,3,2,0.7932034866730083
0,4,0,7,3,3,0.3269701131524728
0,5,0,11,6,5,0.12568901586838085
0,5,0,0,2,2,0.7975637094864633
1,4,0,5,2,2,0.4684258842394097
1,5,0,0,2,0,0.78757740275796
0,5,0,0,3,1,0.7881764305470706
0,5,0,0,1,1,0.7969843906800329
1,4,0,0,1,1,0.7969843906800329
0,3,0,7,44,1,0.13225742380777825
0,5,0,11,0,0,0.12666706170723838
0,5,0,0,37,32,0.7932625648063703
0,4,0,7,18,7,0.2684902940660083
1,4,0,0,6,3,0.7848816854105684
1,5,0,0,1,0,0.7920251466433884
0,4,0,11,2,2,0.12746218852478497
0,1,0,0,19,12,0.7719641592646793
1,4,0,0,1,1,0.7969843906800329
0,5,0,10,0,0,0.16366131383043578
1,4,0,0,1,1,0.7969843906800329
1,4,0,0,1,1,0.7969843906800329
0,1,1,0,3,3,0.2245686565979774
0,5,0,7,5,5,0.3285495797878528
0,5,1,11,6,4,0.010111084911297127
1,5,0,0,1,1,0.7969843906800329
1,3,0,0,1,1,0.7969843906800329
0,4,0,3,1,1,0.6151450256710702
1,4,0,0,1,1,0.7969843906800329
1,5,0,0,2,2,0.7975637094864633
0,4,0,11,1,0,0.12373278988423611
0,5,0,0,0,0,0.7964038372225929
0,4,0,7,1,0,0.31876226510562944
1,3,0,0,3,0,0.7830605931842805
0,5,0,10,0,0,0.16366131383043578
1,5,0,11,0,0,0.12666706170723838
1,4,0,11,0,0,0.12666706170723838
0,3,0,10,4,2,0.15740690457962267
0,4,1,7,1,0,0.033136417743897875
0,5,1,7,2,2,0.03424187937091465
1,5,0,0,0,0,0.7964038372225929
1,5,0,0,9,7,0.7917446375237484
1,5,0,5,0,0,0.46664130657284103
0,1,0,11,34,30,0.12670691339735862
1,3,0,7,0,0,0.3246082588678925
0,5,0,11,5,2,0.11878754504574737
0,5,0,11,1,0,0.12373278988423611
1,5,0,0,1,0,0.7920251466433884
1,3,0,0,4,3,0.7937908030169029
0,4,0,5,1,1,0.467533491571674
1,5,0,0,1,0,0.7920251466433884
0,5,0,7,1,1,0.3253945598991986
1,3,0,0,8,6,0.7911530266768254
0,4,0,10,2,2,0.1646448846109271
0,5,0,7,6,2,0.3030801368291545
0,5,0,11,0,0,0.12666706170723838
1,5,0,0,2,1,0.7926149345857402
1,4,0,0,38,36,0.8083644710900051
0,1,0,7,7,2,0.29745109962347327
0,4,0,11,3,1,0.12123843361910774
0,5,1,0,0,0,0.22270173475773658
0,3,0,7,2,0,0.3129727666423729
1,4,0,0,1,1,0.7969843906800329
1,4,0,0,0,0,0.7964038372225929
1,5,0,0,4,3,0.7937908030169029
1,3,0,0,0,0,0.7964038372225929
0,5,0,7,1,0,0.31876226510562944
1,5,0,5,1,1,0.467533491571674
0,5,1,10,1,1,0.014180451163224242
0,4,0,7,0,0,0.3246082588678925
1,4,0,7,9,7,0.3183927664041494
1,4,0,0,2,2,0.7975637094864633
0,4,0,7,6,4,0.31606377386673434
1,4,0,0,1,0,0.7920251466433884
0,5,0,11,5,5,0.12866286714695252
1,4,0,0,3,3,0.7981417938668754
0,4,0,0,7,4,0.7854862445379855
1,4,0,11,28,26,0.13111366633542526
0,5,0,7,3,3,0.3269701131524728
0,5,0,11,7,5,0.12277421560294516
0,4,0,7,0,0,0.3246082588678925
0,5,0,9,2,2,0.21006299589450853
0,5,0,11,1,1,0.1270640936921708
1,5,0,0,1,0,0.7920251466433884
1,5,0,0,1,0,0.7920251466433884
1,4,0,0,2,0,0.78757740275796
0,2,1,0,27,0,0.12202690519805694
0,5,0,11,1842,1680,0.43795139249108533
1,5,0,7,1,1,0.3253945598991986
1,4,0,0,2,1,0.7926149345857402
0,5,0,7,3,2,0.32032095325902354
1,4,0,11,0,0,0.12666706170723838
0,3,0,7,11,4,0.28784353383824485
0,5,0,7,1,1,0.3253945598991986
1,5,0,0,1,1,0.7969843906800329
1,3,0,0,1,1,0.7969843906800329
1,5,0,0,0,0,0.7964038372225929
1,4,0,0,0,0,0.7964038372225929
1,5,0,0,1,1,0.7969843906800329
0,4,1,0,0,0,0.22270173475773658
0,2,0,10,4,0,0.14951596448280102
1,5,0,11,1,0,0.12373278988423611
1,4,0,0,2,1,0.7926149345857402
1,3,0,0,4,3,0.7937908030169029
1,4,0,0,7,6,0.7955453389356472
1,3,0,0,6,3,0.7848816854105684
1,4,0,0,1,1,0.7969843906800329
0,3,0,11,3,1,0.12123843361910774
1,5,0,0,8,5,0.7860895676888668
0,5,0,7,6,6,0.3293407724694595
1,3,0,0,5,2,0.7842758903999808
0,5,0,11,2,0,0.12085708462157246
0,5,0,7,3,2,0.32032095325902354
0,4,1,11,4,4,0.01066172146180719
0,5,0,10,0,0,0.16366131383043578
0,5,0,7,1,1,0.3253945598991986
0,5,0,7,3,2,0.32032095325902354
1,5,0,0,1,1,0.7969843906800329
1,4,0,0,0,0,0.7964038372225929
0,5,0,0,0,0,0.7964038372225929
0,5,0,11,1,1,0.1270640936921708
1,5,0,0,0,0,0.7964038372225929
0,5,0,0,3,1,0.7881764305470706
1,5,0,11,3,2,0.12451212346611629
1,5,0,0,2,2,0.7975637094864633
0,4,0,11,1,1,0.1270640936921708
1,5,0,5,3,3,0.46931847891430695
0,4,0,7,1,1,0.3253945598991986
1,4,0,7,1,0,0.31876226510562944
0,4,0,7,1,0,0.31876226510562944
0,5,0,7,192,169,0.3223162392152862
0,5,1,11,0,0,0.010511549308539288
1,3,0,0,3,2,0.7932034866730083
0,5,0,7,3,2,0.32032095325902354
1,5,0,0,0,0,0.7964038372225929
0,5,0,7,1,1,0.3253945598991986
0,5,0,7,4,3,0.3211018065450797
1,5,0,0,1,1,0.7969843906800329
1,5,0,0,1,0,0.7920251466433884
0,4,0,0,2,1,0.7926149345857402
1,3,0,7,5,4,0.3218836618695919
0,4,0,11,9,3,0.1109815642920341
0,5,0,7,2,1,0.3195411050924666
1,5,0,0,3,2,0.7932034866730083
1,5,0,0,1,0,0.7920251466433884
0,5,0,0,7,6,0.7955453389356472
1,4,0,0,1,1,0.7969843906800329
1,4,0,7,1,0,0.31876226510562944
1,5,0,0,0,0,0.7964038372225929
1,3,0,0,2,0,0.78757740275796
0,5,0,11,0,0,0.12666706170723838
1,5,0,0,1,1,0.7969843906800329
0,4,0,7,4,3,0.3211018065450797
1,4,0,0,2,1,0.7926149345857402
1,3,0,0,24,18,0.7803544150236151
1,4,0,7,0,0,0.3246082588678925
1,3,0,11,2,1,0.12412193169753141
0,5,0,11,19,18,0.13089939114127053
1,4,0,0,0,0,0.7964038372225929
1,5,0,0,4,2,0.7887742221397077
0,3,0,11,12,3,0.10329575320836622
1,4,0,0,8,4,0.7809373378164387
0,4,1,11,8,8,0.010814015586828526
1,5,0,11,0,0,0.12666706170723838
1,5,0,1,0,0,0.7435395896286738
1,5,0,0,4,4,0.7987186440611279
0,5,0,7,1,1,0.3253945598991986
0,5,1,10,7,7,0.014484248540175496
1,5,0,0,6,6,0.7998686429245112
0,4,0,0,0,0,0.7964038372225929
0,5,1,7,24,22,0.03484555628696667
0,4,0,7,1,0,0.31876226510562944
0,4,0,7,1,1,0.3253945598991986
0,5,0,11,2,0,0.12085708462157246
0,5,0,7,4,4,0.3277593589231242
0,5,0,7,0,0,0.3246082588678925
0,5,1,0,43,6,0.09798748547267476
0,5,1,11,5,3,0.010075273392388695
0,5,0,7,3,2,0.32032095325902354
0,5,1,11,15,13,0.010439110214399928
0,4,0,7,2,0,0.3129727666423729
0,4,0,7,3,2,0.32032095325902354
1,5,0,0,15,12,0.7902782179507423
0,5,0,11,27,24,0.12729301602965046
1,4,0,0,2,1,0.7926149345857402
0,4,0,7,1,1,0.3253945598991986
0,4,0,7,2,2,0.3261818457325034
0,1,1,4,32,11,0.04874050481351554
1,5,0,0,6,4,0.7899660967301603
0,5,0,7,3,3,0.3269701131524728
0,5,0,11,5,4,0.12529566381924845
1,5,0,0,4,2,0.7887742221397077
0,5,0,11,3,3,0.12786134791119777
1,5,0,0,15,11,0.7851993078493767
0,5,1,0,5,4,0.22055316926686364
1,4,0,0,12,10,0.7935120544857872
0,3,0,11,1,1,0.1270640936921708
0,1,1,11,7,3,0.009554632102386353
1,5,0,0,0,0,0.7964038372225929
1,5,0,7,2,2,0.3261818457325034
1,4,0,0,25,9,0.7246318143738973
1,4,0,0,0,0,0.7964038372225929
1,4,0,0,0,0,0.7964038372225929
0,5,1,0,3,2,0.21932329784011861
1,5,0,0,1,0,0.7920251466433884
1,5,0,0,220,216,0.8840139220089148
0,3,0,11,7,2,0.11329210180835463
0,1,0,7,46,1,0.12622808927797047
1,4,0,11,2,0,0.12085708462157246
1,5,0,5,0,0,0.46664130657284103
1,5,0,0,2,1,0.7926149345857402
0,4,0,11,3,1,0.12123843361910774
1,5,0,0,5,4,0.7943768837445078
0,2,0,10,9,5,0.15180920393976205
0,4,0,7,14,12,0.32229463285602283
0,5,1,7,4,4,0.0344797317154687
1,2,0,0,886,714,0.33512760446003176
1,2,0,11,9,3,0.1109815642920341
0,5,0,11,4,1,0.11841286638270639
1,5,0,0,0,0,0.7964038372225929
1,3,0,0,10,7,0.7872925057686323
1,4,0,0,0,0,0.7964038372225929
1,3,0,0,5,2,0.7842758903999808
1,3,0,0,4,3,0.7937908030169029
0,3,0,7,6,0,0.29040339024468387
1,5,0,0,4,3,0.7937908030169029
0,2,0,7,13,0,0.25332257348629933
0,5,1,11,1,0,0.010236507795343621
1,5,0,0,4,3,0.7937908030169029
0,1,0,7,5,0,0.29595523931093093
0,5,0,7,3,3,0.3269701131524728
0,4,0,7,5,1,0.3023235925989156
0,1,0,11,13,5,0.10648401913473353
0,5,0,7,4,3,0.3211018065450797
0,3,1,0,1,0,0.21809836556279436
0,4,0,0,2,1,0.7926149345857402
1,5,0,0,0,0,0.7964038372225929
1,4,0,0,2,1,0.7926149345857402
0,4,0,11,1,0,0.12373278988423611
1,4,0,0,2,1,0.7926149345857402
0,2,0,0,19,15,0.7876075318662966
1,5,0,0,6,6,0.7998686429245112
0,3,1,0,3,0,0.20909870897110913
0,4,0,12,6,4,0.09367879597757953
1,3,0,0,1,1,0.7969843906800329
1,4,0,0,9,5,0.7815498967569529
0,5,0,7,6,5,0.3226665161307144
1,5,0,0,0,0,0.7964038372225929
1,5,0,0,0,0,0.7964038372225929
1,5,0,0,0,0,0.7964038372225929
0,5,0,0,310,301,0.9004025868520056
0,5,0,10,5,3,0.15788287035002405
0,5,1,11,3,0,0.009707616398205868
0,5,0,7,1,1,0.3253945598991986
1,5,0,0,1,1,0.7969843906800329
0,5,1,11,18,0,0.006515922431014895
1,4,0,0,2,1,0.7926149345857402
0,4,0,7,0,0,0.3246082588678925
0,4,0,7,5,4,0.3218836618695919
1,4,0,0,18,14,0.7870073300158484
0,4,0,7,1,1,0.3253945598991986
0,5,0,0,3,2,0.7932034866730083
1,3,0,0,5,2,0.7842758903999808
1,4,0,7,21,20,0.33452702980246923
1,5,0,0,1,1,0.7969843906800329
1,5,0,0,3,3,0.7981417938668754
0,4,0,7,1,1,0.3253945598991986
1,5,0,0,1,1,0.7969843906800329
1,5,0,0,20,20,0.807780650134723
0,5,0,7,1,0,0.31876226510562944
0,1,0,7,5,1,0.3023235925989156
1,4,0,0,2,1,0.7926149345857402
1,4,0,0,1,1,0.7969843906800329
1,5,0,0,0,0,0.7964038372225929
1,3,0,0,4,4,0.7987186440611279
1,2,0,0,44,37,0.7873528198575146
0,3,0,0,36,28,0.7772984188509569
1,5,0,0,32,26,0.7852296822759769
0,5,0,0,2,2,0.7975637094864633
0,5,0,7,3,3,0.3269701131524728
1,2,0,0,31,17,0.7407389438146826
0,2,0,11,9,9,0.13027875481834447
1,5,0,0,5,3,0.7893707775305534
1,5,0,0,4,2,0.7887742221397077
0,4,1,11,2,1,0.010272886458069397
0,4,0,7,1,0,0.31876226510562944
0,5,0,7,4,3,0.3211018065450797
1,5,0,0,4,3,0.7937908030169029
0,5,1,0,12,12,0.2302359258264398
1,3,0,0,83,76,0.8098181017959454
0,5,0,0,0,0,0.7964038372225929
0,5,0,7,3,2,0.32032095325902354
1,3,0,0,10,1,0.7551784225897603
0,4,0,0,4,4,0.7987186440611279
1,5,0,0,2,2,0.7975637094864633
0,4,0,7,2,2,0.3261818457325034
0,3,0,0,23,9,0.7351943248220033
1,4,0,0,1,1,0.7969843906800329
1,3,0,8,6,1,0.23820067330578304
1,5,0,0,9,7,0.7917446375237484
0,5,0,11,1,1,0.1270640936921708
1,4,0,0,0,0,0.7964038372225929
1,4,0,0,2,1,0.7926149345857402
1,3,0,7,6,2,0.3030801368291545
0,5,0,11,0,0,0.12666706170723838
0,5,0,7,0,0,0.3246082588678925
1,5,0,0,3,2,0.7932034866730083
0,5,1,7,2,2,0.03424187937091465
0,5,0,7,1,1,0.3253945598991986
0,5,0,7,15,12,0.31647078202006923
0,5,0,0,3,2,0.7932034866730083
0,5,0,10,3,1,0.15693210629551035
1,5,1,0,0,0,0.22270173475773658
0,4,0,11,3,1,0.12123843361910774
0,4,0,11,0,0,0.12666706170723838
1,4,0,0,1,0,0.7920251466433884
0,2,0,7,9,3,0.2926241985144269
0,3,0,0,0,0,0.7964038372225929
1,3,0,0,3,0,0.7830605931842805
0,5,1,7,4,2,0.03251344149139364
0,1,0,11,32,6,0.06876346282702461
0,5,0,7,2,2,0.3261818457325034
0,5,0,7,0,0,0.3246082588678925
0,5,0,11,8,8,0.12987317254087605
1,4,0,0,5,2,0.7842758903999808
1,5,0,0,2,1,0.7926149345857402
0,3,1,11,3,2,0.010309393057245533
0,5,0,0,3,2,0.7932034866730083
1,4,0,0,3,1,0.7881764305470706
1,2,0,0,35,25,0.7659630428378459
1,5,0,5,0,0,0.46664130657284103
0,5,0,11,1,0,0.12373278988423611
1,4,0,0,0,0,0.7964038372225929
0,5,0,0,1,1,0.7969843906800329
1,4,0,0,0,0,0.7964038372225929
0,4,1,0,3,2,0.21932329784011861
1,2,0,0,21,4,0.7156206825151157
1,5,0,0,0,0,0.7964038372225929
1,2,0,0,16,4,0.7420787779992427
1,5,0,0,2,1,0.7926149345857402
0,4,0,7,2,2,0.3261818457325034
0,5,0,0,4,3,0.7937908030169029
1,5,0,11,18,17,0.13049216660528484
1,5,0,0,4,0,0.7784747554895752
1,4,0,0,4,3,0.7937908030169029
1,5,0,0,1,1,0.7969843906800329
1,5,0,0,1,1,0.7969843906800329
1,3,0,0,2,0,0.78757740275796
0,5,0,11,0,0,0.12666706170723838
0,5,0,11,1,1,0.1270640936921708
1,3,0,0,421,371,0.7948045634564358
1,5,0,0,18,17,0.8018835775059225
1,4,0,0,2,1,0.7926149345857402
1,4,0,0,0,0,0.7964038372225929
1,5,0,0,0,0,0.7964038372225929
1,5,0,5,0,0,0.46664130657284103
0,2,0,7,5,3,0.31528948229471604
0,4,0,11,3,0,0.11803921122362222
1,4,0,0,0,0,0.7964038372225929
0,5,0,7,7,7,0.3301329336701795
0,5,0,7,2,1,0.3195411050924666
0,5,0,7,0,0,0.3246082588678925
0,5,1,7,0,0,0.03400561002045187
1,5,0,0,0,0,0.7964038372225929
1,5,0,0,1,1,0.7969843906800329
1,5,0,0,3,3,0.7981417938668754
1,5,0,0,11,8,0.7878921205916636
1,5,0,0,0,0,0.7964038372225929
1,5,0,0,5,4,0.7943768837445078
0,5,0,0,2,1,0.7926149345857402
0,1,0,7,11,1,0.26952982158296523
1,3,0,0,6,5,0.7949617289982128
1,4,0,0,1,1,0.7969843906800329
0,5,1,11,3,2,0.010309393057245533
1,3,0,0,2,1,0.7926149345857402
0,5,0,11,40,38,0.13609185010337926
1,5,0,0,1,1,0.7969843906800329
0,5,0,7,2,1,0.3195411050924666
0,1,0,11,36,36,0.14164169774724067
1,3,0,7,0,0,0.3246082588678925
1,5,0,0,0,0,0.7964038372225929
1,5,0,11,2,1,0.12412193169753141
1,5,0,0,1,1,0.7969843906800329
1,4,0,7,1,1,0.3253945598991986
1,4,0,11,2,1,0.12412193169753141
0,5,0,0,4,1,0.7836688596158804
1,5,0,0,2,1,0.7926149345857402
0,5,0,7,1,1,0.3253945598991986
0,5,0,11,0,0,0.12666706170723838
1,5,0,0,1,1,0.7969843906800329
0,5,1,11,2,1,0.010272886458069397
0,5,0,11,5,1,0.11564448532747088
0,2,0,7,21,4,0.23616872167514238
1,5,0,0,0,0,0.7964038372225929
1,4,0,0,2,1,0.7926149345857402
0,5,0,7,14,9,0.30272073850744036
0,1,0,7,25,10,0.24998151968259638
0,4,0,11,32,21,0.10431282358055391
1,4,0,0,3,2,0.7932034866730083
0,5,0,11,9,7,0.1235483628495633
0,5,0,11,3,2,0.12451212346611629
1,3,0,0,4,1,0.7836688596158804
1,3,0,0,1,0,0.7920251466433884
1,5,0,8,2,1,0.25818916759389826
1,5,0,0,181,159,0.7932197120647564
0,3,0,11,4,3,0.12490336692855485
0,5,0,11,6,5,0.12568901586838085
1,5,0,0,0,0,0.7964038372225929
0,5,0,0,1,0,0.7920251466433884
0,5,0,12,0,0,0.09706453466835407
1,3,0,0,0,0,0.7964038372225929
0,5,1,11,7,7,0.010775741524408213
1,5,0,0,2,1,0.7926149345857402
0,5,0,0,1,1,0.7969843906800329
0,5,0,0,0,0,0.7964038372225929
1,5,0,7,5,3,0.31528948229471604
0,5,0,7,1,1,0.3253945598991986
1,4,0,7,6,5,0.3226665161307144
0,4,0,7,14,8,0.2963475729323734
1,5,0,0,1,1,0.7969843906800329
1,4,0,7,0,0,0.3246082588678925
1,5,0,0,2,1,0.7926149345857402
0,5,0,0,1,1,0.7969843906800329
1,5,0,0,3,1,0.7881764305470706
0,5,1,7,3,3,0.0343606070582407
0,1,1,0,11,9,0.21903200498966527
0,5,0,0,0,0,0.7964038372225929
0,4,0,10,12,6,0.14548254562966606
0,1,0,7,20,3,0.23552275553614707
1,4,0,0,1,0,0.7920251466433884
0,5,0,0,7,6,0.7955453389356472
0,5,0,0,0,0,0.7964038372225929
0,5,0,0,4,2,0.7887742221397077
0,5,0,7,1,0,0.31876226510562944
0,5,0,0,0,0,0.7964038372225929
1,4,0,0,0,0,0.7964038372225929
1,3,0,7,3,1,0.31374397576805685
0,5,1,11,0,0,0.010511549308539288
1,5,0,0,3,1,0.7881764305470706
1,4,0,0,1,0,0.7920251466433884
0,4,0,10,16,14,0.16319589686997257
0,5,0,0,18,8,0.7548635975968858
0,2,0,0,6,5,0.7949617289982128
0,5,0,7,0,0,0.3246082588678925
1,4,0,0,2,2,0.7975637094864633
1,5,0,0,2,1,0.7926149345857402
0,5,0,11,3,0,0.11803921122362222
0,5,0,10,0,0,0.16366131383043578
1,5,0,0,1,1,0.7969843906800329
1,4,0,7,2,2,0.3261818457325034
0,5,0,7,3,3,0.3269701131524728
1,4,0,7,0,0,0.3246082588678925
1,3,0,0,3,3,0.7981417938668754
1,3,0,7,2,0,0.3129727666423729
1,4,0,0,0,0,0.7964038372225929
1,5,0,0,2,2,0.7975637094864633
1,5,0,5,2,2,0.4684258842394097
0,5,0,7,0,0,0.3246082588678925
1,4,0,0,0,0,0.7964038372225929
1,4,0,0,3,1,0.7881764305470706
0,5,0,11,2,2,0.12746218852478497
1,5,0,0,1,1,0.7969843906800329
1,3,0,0,1,1,0.7969843906800329
1,4,0,0,0,0,0.7964038372225929
1,5,0,7,5,4,0.3218836618695919
0,5,0,7,4,4,0.3277593589231242
1,2,0,7,78,28,0.12218351016451158
1,5,0,0,2,1,0.7926149345857402
1,4,0,0,6,6,0.7998686429245112
1,5,0,0,2,1,0.7926149345857402
1,4,0,0,2,2,0.7975637094864633
1,4,0,0,7,4,0.7854862445379855
0,5,0,7,1,1,0.3253945598991986
0,5,0,0,1,1,0.7969843906800329
1,4,0,11,0,0,0.12666706170723838
1,3,0,11,1,0,0.12373278988423611
0,5,0,7,0,0,0.3246082588678925
0,3,0,11,22,4,0.08327391005281247
0,5,0,10,0,0,0.16366131383043578
1,2,0,0,12,5,0.7675173363729713
1,4,0,0,6,4,0.7899660967301603
1,4,0,0,6,2,0.7797085155074212
1,4,0,0,3,1,0.7881764305470706
0,4,0,7,0,0,0.3246082588678925
0,5,0,10,1,0,0.16002709229067072
1,5,0,0,2,2,0.7975637094864633
0,5,0,7,0,0,0.3246082588678925
1,5,0,0,1,1,0.7969843906800329
0,5,0,11,1,1,0.1270640936921708
0,5,0,7,0,0,0.3246082588678925
0,5,0,7,10,8,0.31917112656470653
1,2,0,11,4,2,0.12162081944992373
0,5,0,0,1,1,0.7969843906800329
1,5,0,7,4,2,0.31451621528683904
0,5,0,7,1,0,0.31876226510562944
1,4,0,0,3,1,0.7881764305470706
1,3,0,0,27,23,0.7923646445911156
0,2,0,0,3,2,0.7932034866730083
0,5,1,7,4,3,0.03348265547526789
1,5,0,0,1,1,0.7969843906800329
0,5,1,11,1,0,0.010236507795343621
1,4,0,0,2,1,0.7926149345857402
0,5,0,0,0,0,0.7964038372225929
0,5,0,11,2,2,0.12746218852478497
0,5,1,11,0,0,0.010511549308539288
0,5,0,0,0,0,0.7964038372225929
1,5,0,5,3,3,0.46931847891430695
0,4,0,7,6,3,0.30953439896226076
0,4,0,11,54,46,0.12129600893271639
1,2,0,0,32,11,0.6986259386012693
1,4,0,7,2,2,0.3261818457325034
1,4,0,0,5,3,0.7893707775305534
1,4,0,0,1,1,0.7969843906800329
0,5,1,7,1,1,0.034123547431344735
1,4,0,7,0,0,0.3246082588678925
1,3,0,7,1,0,0.31876226510562944
1,5,0,7,3,3,0.3269701131524728
0,4,0,7,12,7,0.30120973940031326
0,1,0,11,11,2,0.102964229157713
0,4,0,7,7,3,0.30383774977195105
0,1,0,11,19,2,0.08478425375425479
0,5,1,0,0,0,0.22270173475773658
1,3,0,0,3,2,0.7932034866730083
1,3,0,0,10,5,0.7769412214077258
1,3,0,0,102,84,0.7654492641001147
1,2,0,0,4,2,0.7887742221397077
1,4,0,0,2,1,0.7926149345857402
1,4,0,0,2,0,0.78757740275796
0,4,0,7,3,3,0.3269701131524728
1,5,0,5,0,0,0.46664130657284103
1,4,0,0,3,2,0.7932034866730083
1,4,0,0,4,1,0.7836688596158804
0,5,0,11,2,0,0.12085708462157246
1,4,0,0,0,0,0.7964038372225929
0,5,0,7,2,1,0.3195411050924666
1,4,0,0,2,1,0.7926149345857402
1,5,0,0,144,121,0.7652082607751725
0,5,0,11,3,0,0.11803921122362222
1,3,0,0,109,92,0.775260503773911
0,5,0,7,0,0,0.3246082588678925
1,5,0,0,0,0,0.7964038372225929
0,2,0,0,16,8,0.7646431243342748
0,5,0,11,0,0,0.12666706170723838
1,4,0,0,2,1,0.7926149345857402
0,4,0,0,5,4,0.7943768837445078
1,5,0,11,2,2,0.12746218852478497
1,4,0,0,1,1,0.7969843906800329
0,5,1,11,0,0,0.010511549308539288
0,2,0,0,13,5,0.7627025010157188
1,4,0,0,2,1,0.7926149345857402
1,4,0,0,2,1,0.7926149345857402
1,5,0,0,1,1,0.7969843906800329
1,4,0,0,1,1,0.7969843906800329
0,4,0,0,0,0,0.7964038372225929
0,5,0,7,0,0,0.3246082588678925
0,5,0,7,1,1,0.3253945598991986
1,5,0,11,0,0,0.12666706170723838
0,4,0,0,10,2,0.7607508830340137
0,5,0,7,2,1,0.3195411050924666
0,5,0,0,2,1,0.7926149345857402
0,4,0,11,4,3,0.12490336692855485
1,5,0,0,0,0,0.7964038372225929
1,4,0,0,10,7,0.7872925057686323
1,5,0,0,0,0,0.7964038372225929
1,3,0,0,127,100,0.7308641802995733
0,1,0,2,8,6,0.675430179498587
1,5,0,0,2,2,0.7975637094864633
0,5,0,7,1,1,0.3253945598991986
0,4,1,7,2,2,0.03424187937091465
1,5,0,0,1,1,0.7969843906800329
1,4,0,0,2,2,0.7975637094864633
1,4,0,0,0,0,0.7964038372225929
1,5,0,0,2,1,0.7926149345857402
0,2,0,7,10,7,0.3126068993896442
0,3,0,7,10,4,0.2933666768602225
0,5,0,0,5,4,0.7943768837445078
1,5,1,0,5,1,0.20528660701953505
0,3,0,0,20,14,0.7778871435624638
1,4,0,7,8,6,0.31761541889871403
0,5,0,11,136,123,0.13726606743561967
0,5,0,7,3,3,0.3269701131524728
1,5,0,0,0,0,0.7964038372225929
0,5,1,0,0,0,0.22270173475773658
1,5,0,0,0,0,0.7964038372225929
0,1,0,0,4,2,0.7887742221397077
0,4,0,11,2,0,0.12085708462157246
1,5,0,0,4,4,0.7987186440611279
0,2,0,7,4,4,0.3277593589231242
1,5,0,0,62,53,0.7879824006989382
1,4,0,0,3,1,0.7881764305470706
0,2,0,11,22,10,0.09828599237086114
1,5,0,0,6,3,0.7848816854105684
0,5,1,7,3,1,0.032400882234657
0,5,1,0,0,0,0.22270173475773658
1,5,0,0,1,1,0.7969843906800329
0,4,0,0,9,3,0.7710004383767488
0,5,0,7,2,1,0.3195411050924666
1,3,0,11,0,0,0.12666706170723838
0,5,0,7,3,3,0.3269701131524728
1,4,0,5,2,1,0.46086993072516447
0,5,1,0,1,1,0.22332280910588734
0,5,0,7,1,1,0.3253945598991986
1,5,0,0,0,0,0.7964038372225929
1,5,0,0,0,0,0.7964038372225929
1,5,0,0,3,0,0.7830605931842805
1,5,0,0,9,6,0.7866916547860742
0,5,0,0,6,1,0.7744466915184317
0,5,0,0,0,0,0.7964038372225929
1,5,0,0,30,19,0.7571940998134149
0,4,0,11,0,0,0.12666706170723838
0,5,0,7,2,2,0.3261818457325034
1,5,0,0,3,1,0.7881764305470706
0,5,0,0,1,1,0.7969843906800329
1,3,0,0,4,3,0.7937908030169029
0,4,1,11,3,0,0.009707616398205868
1,5,0,7,2,2,0.3261818457325034
0,1,0,11,35,23,0.10249355729486052
1,3,0,0,42,37,0.7961861711189593
0,5,0,11,3,2,0.12451212346611629
0,5,1,11,101,89,0.010485540396284054
1,5,0,0,2,1,0.7926149345857402
1,5,0,0,26,24,0.801613034522268
1,5,0,1,0,0,0.7435395896286738
1,5,0,0,22,19,0.7944063001985529
0,1,0,7,25,9,0.2443296108740188
1,5,0,11,0,0,0.12666706170723838
0,5,0,11,14,13,0.1288740241519515
0,5,0,11,2,2,0.12746218852478497
0,5,0,10,1,0,0.16002709229067072
0,5,0,0,3,0,0.7830605931842805
0,4,0,7,7,7,0.3301329336701795
0,5,0,7,2,2,0.3261818457325034
1,5,0,0,3,3,0.7981417938668754
1,4,0,0,1,1,0.7969843906800329
1,5,0,0,2,2,0.7975637094864633
1,3,0,0,3,2,0.7932034866730083
1,5,0,0,9,6,0.7866916547860742
0,1,0,7,24,6,0.23264713409451251
1,5,0,0,12,9,0.7884904992263235
0,2,1,11,5,4,0.010382791827753904
0,5,0,7,0,0,0.3246082588678925
0,4,1,7,0,0,0.03400561002045187
1,4,0,11,0,0,0.12666706170723838
1,4,0,0,49,48,0.8189457299528771
1,5,0,5,3,3,0.46931847891430695
0,5,0,11,4,2,0.12162081944992373
1,4,0,0,0,0,0.7964038372225929
0,2,1,11,0,0,0.010511549308539288
0,5,0,7,5,4,0.3218836618695919
1,5,0,0,3,2,0.7932034866730083
1,5,0,0,0,0,0.7964038372225929
1,3,0,0,0,0,0.7964038372225929
1,5,0,0,2,2,0.7975637094864633
1,5,0,7,0,0,0.3246082588678925
1,5,0,0,2,0,0.78757740275796
1,5,0,5,1,1,0.467533491571674
1,4,0,7,0,0,0.3246082588678925
0,4,0,0,0,0,0.7964038372225929
0,5,0,7,10,10,0.3325151951015061
1,5,0,0,0,0,0.7964038372225929
0,4,0,11,1,0,0.12373278988423611
0,3,0,11,9,6,0.12029653057542547
0,2,0,11,13,5,0.10648401913473353
0,5,0,0,0,0,0.7964038372225929
1,5,0,11,2,1,0.12412193169753141
1,4,0,0,3,2,0.7932034866730083
1,3,0,0,1,0,0.7920251466433884
1,5,0,0,1,1,0.7969843906800329
0,5,0,0,2,2,0.7975637094864633
0,5,0,11,2,2,0.12746218852478497
1,3,0,0,19,13,0.7772672408988884
1,4,0,0,0,0,0.7964038372225929
1,5,0,11,0,0,0.12666706170723838
1,3,0,5,5,1,0.44097230134351206
0,2,0,11,22,4,0.08327391005281247
1,3,0,0,22,15,0.7738514987939115
1,5,0,0,0,0,0.7964038372225929
1,4,0,0,2,1,0.7926149345857402
1,3,0,0,36,30,0.787637657853525
0,2,0,0,7,5,0.7905601797648855
0,1,0,0,0,0,0.7964038372225929
0,5,0,7,2,2,0.3261818457325034
0,5,0,11,4,4,0.12826157355295062
0,5,0,0,4,1,0.7836688596158804
0,5,0,7,1,0,0.31876226510562944
0,5,1,7,2,1,0.03325144440920924
0,5,0,11,1,1,0.1270640936921708
0,5,0,11,9,5,0.11711885040474182
0,5,1,7,3,1,0.032400882234657
0,5,0,7,2,2,0.3261818457325034
0,5,0,11,6,6,0.12906523038542417
0,5,0,7,2,1,0.3195411050924666
0,5,0,7,9,4,0.2989513101537815
0,5,0,7,7,4,0.31030096218769304
0,5,0,7,1,0,0.31876226510562944
0,3,0,7,4,1,0.3080044130402232
0,4,0,0,2,1,0.7926149345857402
0,4,1,0,3,3,0.2245686565979774
0,5,0,7,0,0,0.3246082588678925
1,3,0,0,4,3,0.7937908030169029
1,5,0,0,3,1,0.7881764305470706
1,5,0,0,1,0,0.7920251466433884
1,4,0,0,1,1,0.7969843906800329
0,5,1,11,1,0,0.010236507795343621
1,3,0,0,2,0,0.78757740275796
0,4,0,11,0,0,0.12666706170723838
0,5,0,11,4,4,0.12826157355295062
1,3,0,7,1,0,0.31876226510562944
1,5,0,0,6,1,0.7744466915184317
1,4,0,0,0,0,0.7964038372225929
1,5,0,0,4,4,0.7987186440611279
1,4,0,0,2,2,0.7975637094864633
1,4,0,0,2,1,0.7926149345857402
0,1,0,7,12,9,0.3141493687655217
0,5,0,7,0,0,0.3246082588678925
0,5,0,0,2,2,0.7975637094864633
0,5,1,7,5,5,0.03459925456781365
1,5,0,0,7,5,0.7905601797648855
0,5,1,0,3,2,0.21932329784011861
1,4,0,0,2,1,0.7926149345857402
1,5,0,0,3,1,0.7881764305470706
1,5,0,1,35,33,0.755681020433029
0,5,1,11,1,0,0.010236507795343621
1,5,0,0,3,2,0.7932034866730083
1,5,0,11,0,0,0.12666706170723838
0,5,0,7,2,1,0.3195411050924666
1,4,0,0,107,94,0.7945533356794423
0,5,0,11,1,1,0.1270640936921708
0,1,0,11,4,1,0.11841286638270639
0,5,0,0,0,0,0.7964038372225929
0,5,0,7,0,0,0.3246082588678925
0,5,0,11,13,7,0.11240403726492103
1,3,0,0,0,0,0.7964038372225929
1,4,0,0,3,0,0.7830605931842805
0,1,0,7,24,18,0.30387584603304924
1,4,0,7,1,1,0.3253945598991986
1,5,0,0,1,1,0.7969843906800329
0,5,0,11,3,1,0.12123843361910774
1,5,0,5,22,19,0.46358755491084
1,5,0,7,7,7,0.3301329336701795
1,5,0,0,5,5,0.7992942603238775
0,5,0,7,3,0,0.30724099585870046
1,5,0,0,1,1,0.7969843906800329
0,4,0,11,11,11,0.1310931501372005
0,5,0,0,10,9,0.797288758653781
0,5,0,11,1,0,0.12373278988423611
1,3,0,11,1,0,0.12373278988423611
1,5,0,0,3,1,0.7881764305470706
0,5,0,0,1,0,0.7920251466433884
0,5,0,7,2,0,0.3129727666423729
0,5,0,7,2,2,0.3261818457325034
1,5,0,0,1,1,0.7969843906800329
0,5,0,7,4,0,0.30156811967085534
1,2,0,0,13,9,0.7839877799529255
0,5,0,10,1,1,0.16415250722551306
0,5,0,0,0,0,0.7964038372225929
0,5,1,0,3,2,0.21932329784011861
0,3,0,7,0,0,0.3246082588678925
1,5,0,0,2,1,0.7926149345857402
0,5,0,11,0,0,0.12666706170723838
1,5,0,0,5,3,0.7893707775305534
1,4,0,7,1,0,0.31876226510562944
0,5,0,11,2,0,0.12085708462157246
0,5,0,7,5,5,0.3285495797878528
0,1,0,0,51,9,0.5673293038523806
1,5,0,0,1,1,0.7969843906800329
1,3,0,0,24,21,0.7955746312472832
0,5,0,0,0,0,0.7964038372225929
1,4,0,0,3,3,0.7981417938668754
0,5,0,11,34,32,0.13358314486940792
0,4,1,11,1,1,0.010548895000504772
1,4,0,0,0,0,0.7964038372225929
0,1,0,7,19,12,0.29375701072837096
0,5,0,11,2,1,0.12412193169753141
0,1,0,11,36,4,0.058758649073179944
1,3,0,11,2,1,0.12412193169753141
1,2,0,0,48,39,0.7794779426804356
1,5,0,0,1,1,0.7969843906800329
1,5,0,0,1,1,0.7969843906800329
1,4,0,0,2,1,0.7926149345857402
1,5,0,0,4,3,0.7937908030169029
1,4,0,0,0,0,0.7964038372225929
1,3,0,0,35,0,0.604977478761441
1,5,0,0,0,0,0.7964038372225929
1,4,0,0,2,1,0.7926149345857402
0,5,0,7,2,1,0.3195411050924666
1,5,0,0,1,1,0.7969843906800329
1,4,0,0,1,0,0.7920251466433884
0,3,0,11,6,3,0.1191632490071881
0,5,0,7,3,1,0.31374397576805685
0,5,0,11,1,0,0.12373278988423611
1,3,0,0,4,4,0.7987186440611279
0,4,0,11,6,5,0.12568901586838085
1,5,0,0,8,7,0.7961277137296114
0,4,0,0,5,3,0.7893707775305534
1,4,0,0,0,0,0.7964038372225929
1,4,0,0,1,0,0.7920251466433884
1,5,0,0,1,1,0.7969843906800329
1,4,0,0,1,0,0.7920251466433884
1,3,0,0,5,3,0.7893707775305534
0,5,0,7,1,0,0.31876226510562944
0,5,0,7,1,1,0.3253945598991986
0,5,0,7,0,0,0.3246082588678925
1,4,0,11,4,4,0.12826157355295062
1,5,0,0,2,2,0.7975637094864633
1,5,0,0,1,1,0.7969843906800329
0,5,0,0,8,1,0.7649493004883758
0,5,0,7,3,0,0.30724099585870046
0,5,1,11,1,1,0.010548895000504772
1,5,0,11,4,4,0.12826157355295062
1,5,1,0,1,1,0.22332280910588734
0,1,0,7,17,10,0.2922719992560088
0,4,0,7,2,2,0.3261818457325034
1,4,0,0,1,0,0.7920251466433884
0,5,0,7,1,1,0.3253945598991986
0,5,0,7,6,4,0.31606377386673434
1,5,0,5,0,0,0.46664130657284103
1,4,0,5,2,2,0.4684258842394097
0,5,0,11,37,34,0.13132823928419415
1,5,0,0,4,3,0.7937908030169029
1,3,0,0,9,8,0.7967088535680095
1,5,0,0,3,0,0.7830605931842805
0,5,1,11,5,3,0.010075273392388695
1,5,0,0,0,0,0.7964038372225929
1,5,0,0,2,1,0.7926149345857402
0,5,0,0,1,0,0.7920251466433884
1,5,0,0,0,0,0.7964038372225929
1,3,0,11,1,0,0.12373278988423611
0,4,1,0,3,0,0.20909870897110913
0,5,0,0,1,0,0.7920251466433884
0,5,0,11,132,128,0.1709178846632176
0,5,0,11,7,5,0.12277421560294516
1,4,0,0,5,4,0.7943768837445078
1,3,0,7,5,2,0.30876888165708494
0,4,1,11,1,0,0.010236507795343621
0,5,0,11,18,10,0.10820121405433156
1,5,0,11,1,0,0.12373278988423611
1,5,0,0,0,0,0.7964038372225929
1,5,0,0,2,0,0.78757740275796
1,5,0,0,15,14,0.8001697709400454
0,5,1,11,5,2,0.009776773082735939
0,1,1,11,7,2,0.009271412374244347
0,5,0,11,3,2,0.12451212346611629
0,5,1,11,0,0,0.010511549308539288
1,3,0,7,4,3,0.3211018065450797
0,5,0,11,4,1,0.11841286638270639
0,1,0,0,35,23,0.7548969226743013
1,2,0,0,29,21,0.7729250189233754
0,1,0,7,12,5,0.28857883068395107
0,4,1,0,1,0,0.21809836556279436
0,1,0,11,8,1,0.10767486391242725
1,3,0,0,7,1,0.7697323111787742
0,5,0,11,2,1,0.12412193169753141
1,5,0,0,4,3,0.7937908030169029
0,4,0,11,1,1,0.1270640936921708
1,3,0,0,24,19,0.7855165894729708
1,4,0,0,2,0,0.78757740275796
1,5,0,0,1,1,0.7969843906800329
1,5,0,0,8,6,0.7911530266768254
0,5,0,11,0,0,0.12666706170723838
0,3,0,11,8,5,0.11991773998612094
1,4,0,0,1,0,0.7920251466433884
1,4,0,0,1,1,0.7969843906800329
0,3,0,11,4,2,0.12162081944992373
0,1,0,10,45,4,0.06207254331184415
1,1,0,0,11,3,0.7614026427816207
0,1,0,7,8,5,0.3110685685442999
0,5,0,10,1,1,0.16415250722551306
1,3,0,0,3,1,0.7881764305470706
1,3,0,0,1,0,0.7920251466433884
0,5,0,11,0,0,0.12666706170723838
0,5,0,0,151,135,0.8052087092248504
0,4,0,11,1,1,0.1270640936921708
1,5,0,0,0,0,0.7964038372225929
0,5,1,0,1,0,0.21809836556279436
0,5,0,7,0,0,0.3246082588678925
1,5,0,8,1,1,0.26335372031219295
1,5,0,0,0,0,0.7964038372225929
1,4,0,8,4,4,0.26544505206388264
0,3,0,7,3,1,0.31374397576805685
0,4,0,11,7,4,0.11953998005809784
1,5,0,0,6,2,0.7797085155074212
1,4,0,0,0,0,0.7964038372225929
0,3,0,7,9,2,0.2863762945886815
1,4,1,0,15,12,0.21630075957971828
1,5,0,0,3,2,0.7932034866730083
1,4,0,0,0,0,0.7964038372225929
0,5,0,0,2,2,0.7975637094864633
1,5,0,5,42,36,0.4587560713971711
1,5,0,0,1,0,0.7920251466433884
0,5,0,7,11,9,0.31995049635091183
0,5,1,0,0,0,0.22270173475773658
0,4,1,0,1,0,0.21809836556279436
0,5,0,11,1,1,0.1270640936921708
1,4,0,0,4,4,0.7987186440611279
1,5,0,8,1,0,0.25750327617296553
1,5,0,0,2,2,0.7975637094864633
0,5,0,7,1,1,0.3253945598991986
1,3,0,0,9,4,0.776319437867619
0,1,0,7,22,4,0.23136984172506117
1,3,0,11,10,6,0.11748998025535652
0,4,0,7,4,1,0.3080044130402232
0,1,0,0,15,3,0.7413921610677957
0,3,0,7,1,0,0.31876226510562944
0,5,0,7,0,0,0.3246082588678925
0,5,0,0,4,1,0.7836688596158804
0,5,0,0,55,53,0.8176267266141491
1,5,1,0,3,2,0.21932329784011861
0,4,0,0,0,0,0.7964038372225929
0,5,0,7,7,4,0.31030096218769304
0,4,0,11,70,67,0.1454199342028172
0,5,0,7,9,8,0.32502104120370906
0,4,0,10,3,2,0.16099302646933705
1,3,0,0,35,29,0.7870375181170506
0,2,1,11,29,8,0.006189630420114648
0,5,0,0,0,0,0.7964038372225929
1,5,0,11,0,0,0.12666706170723838
0,5,0,7,1,1,0.3253945598991986
1,4,0,0,1,1,0.7969843906800329
1,5,0,0,11,8,0.7878921205916636
1,5,0,0,0,0,0.7964038372225929
1,4,0,0,2,2,0.7975637094864633
0,5,1,0,8,4,0.20704642424138017
1,4,0,0,1,0,0.7920251466433884
0,5,0,0,0,0,0.7964038372225929
1,5,0,0,2,0,0.78757740275796
1,5,0,0,2,2,0.7975637094864633
0,5,0,11,21,5,0.08774335816496201
1,4,0,0,2,1,0.7926149345857402
1,3,0,0,2,0,0.78757740275796
0,5,0,7,22,18,0.3153283640390743
1,4,0,0,2,1,0.7926149345857402
0,5,0,0,3,3,0.7981417938668754
1,5,0,5,0,0,0.46664130657284103
0,4,0,0,0,0,0.7964038372225929
0,5,0,0,12,8,0.7833801623724185
0,5,1,11,4,3,0.010346028033211453
0,3,0,11,2,0,0.12085708462157246
1,5,0,0,5,3,0.7893707775305534
0,3,0,7,3,1,0.31374397576805685
0,5,0,11,0,0,0.12666706170723838
1,2,0,7,7,3,0.30383774977195105
0,5,0,0,1,1,0.7969843906800329
1,3,0,7,0,0,0.3246082588678925
1,4,0,0,2,1,0.7926149345857402
0,1,0,7,19,5,0.25164836637924926
0,4,0,0,9,4,0.776319437867619
0,5,0,11,4,4,0.12826157355295062
0,5,0,7,1,1,0.3253945598991986
1,5,0,0,1,1,0.7969843906800329
1,5,0,0,1,1,0.7969843906800329
1,5,0,0,19,15,0.7876075318662966
1,4,0,0,1,1,0.7969843906800329
1,4,0,0,5,3,0.7893707775305534
1,4,0,11,0,0,0.12666706170723838
0,5,1,0,5,4,0.22055316926686364
0,3,0,2,15,12,0.6742702088079762
1,5,0,0,3,0,0.7830605931842805
1,5,0,0,4,3,0.7937908030169029
0,5,1,11,45,36,0.009407391903186207
1,4,0,0,4,1,0.7836688596158804
1,5,0,5,0,0,0.46664130657284103
1,3,0,11,3,1,0.12123843361910774
1,3,0,11,2,1,0.12412193169753141
0,5,0,7,7,4,0.31030096218769304
0,5,0,11,7,2,0.11329210180835463
0,5,0,7,0,0,0.3246082588678925
1,4,0,0,19,16,0.7926445373081527
1,4,0,0,3,2,0.7932034866730083
1,4,0,0,10,5,0.7769412214077258
0,5,0,0,1,0,0.7920251466433884
0,5,1,7,6,4,0.03273969470447127
1,4,0,0,4,3,0.7937908030169029
1,3,0,0,12,6,0.7728934075903463
0,4,0,0,7,5,0.7905601797648855
1,3,0,0,4,2,0.7887742221397077
0,5,0,7,4,2,0.31451621528683904
1,5,0,0,3,2,0.7932034866730083
1,3,0,0,1,0,0.7920251466433884
0,4,0,7,1,1,0.3253945598991986
1,5,0,0,0,0,0.7964038372225929
0,1,1,11,17,0,0.006691672571048944
0,3,0,0,6,1,0.7744466915184317
0,5,0,0,3,2,0.7932034866730083
1,4,0,11,2,1,0.12412193169753141
0,2,0,10,21,4,0.11181233234006595
0,5,0,7,3,2,0.32032095325902354
1,4,0,8,21,20,0.2714455920356264
0,5,0,7,4,4,0.3277593589231242
1,3,0,0,14,9,0.7794160207638358
1,3,0,0,105,84,0.7507123406875856
0,5,0,0,9,5,0.7815498967569529
1,1,0,0,99,63,0.6514151708068464
1,4,0,0,2,1,0.7926149345857402
0,5,0,7,2,1,0.3195411050924666
1,4,0,7,0,0,0.3246082588678925
1,5,0,0,0,0,0.7964038372225929
0,5,0,10,2,2,0.1646448846109271
0,3,1,0,5,3,0.2153755516110463
1,4,0,0,0,0,0.7964038372225929
0,5,0,11,2,1,0.12412193169753141
1,5,0,0,4,2,0.7887742221397077
0,5,0,7,5,5,0.3285495797878528
1,4,0,0,2,0,0.78757740275796
1,5,0,0,0,0,0.7964038372225929
0,5,0,7,0,0,0.3246082588678925
0,2,0,11,33,6,0.06706753239738783
1,3,0,11,0,0,0.12666706170723838
0,4,0,7,3,0,0.30724099585870046
1,5,0,0,0,0,0.7964038372225929
1,3,0,0,8,5,0.7860895676888668
1,3,0,0,2,2,0.7975637094864633
0,5,1,11,1,0,0.010236507795343621
0,5,0,7,13,7,0.295600706228903
0,5,0,7,2,0,0.3129727666423729
1,5,0,0,0,0,0.7964038372225929
1,4,0,0,0,0,0.7964038372225929
1,4,0,0,1,1,0.7969843906800329
1,4,0,7,1,0,0.31876226510562944
1,3,0,0,0,0,0.7964038372225929
1,3,0,0,17,12,0.781259161028732
1,5,0,5,9,7,0.4595567104611428
0,5,0,7,0,0,0.3246082588678925
1,3,0,0,0,0,0.7964038372225929
1,5,0,0,6,6,0.7998686429245112
0,5,1,11,3,2,0.010309393057245533
1,4,0,11,0,0,0.12666706170723838
1,5,1,0,0,0,0.22270173475773658
1,3,0,0,9,4,0.776319437867619
0,1,1,0,11,9,0.21903200498966527
1,5,0,11,2,1,0.12412193169753141
1,4,0,0,5,3,0.7893707775305534
1,4,0,0,2,2,0.7975637094864633
1,3,0,0,2,1,0.7926149345857402
0,1,0,11,30,4,0.06830584145198461
0,5,0,10,2,0,0.15645847424604817
1,5,0,0,0,0,0.7964038372225929
1,5,0,0,0,0,0.7964038372225929
1,5,0,11,4,3,0.12490336692855485
0,5,1,11,3,1,0.010004026576836952
1,5,1,0,0,0,0.22270173475773658
1,4,0,0,1,0,0.7920251466433884
1,4,0,7,5,5,0.3285495797878528
1,5,0,0,2,2,0.7975637094864633
1,4,0,7,2,1,0.3195411050924666
0,5,0,10,7,2,0.14703775296403274
1,3,0,7,0,0,0.3246082588678925
1,5,0,0,2,1,0.7926149345857402
0,5,0,7,11,1,0.26952982158296523
0,1,0,11,48,9,0.05005014613109901
1,4,0,7,0,0,0.3246082588678925
0,3,0,7,0,0,0.3246082588678925
0,3,0,0,1,1,0.7969843906800329
1,4,0,0,0,0,0.7964038372225929
1,5,0,5,1,1,0.467533491571674
0,5,0,7,3,2,0.32032095325902354
1,5,0,0,2,2,0.7975637094864633
0,4,0,11,6,4,0.12238870867953672
1,5,0,0,4,2,0.7887742221397077
0,5,0,7,3,2,0.32032095325902354
0,3,0,11,6,3,0.1191632490071881
1,1,0,0,250,183,0.5559710810412086
0,5,0,7,3,2,0.32032095325902354
0,4,0,11,0,0,0.12666706170723838
0,3,1,7,3,3,0.0343606070582407
1,3,0,0,2,1,0.7926149345857402
0,5,0,0,0,0,0.7964038372225929
0,5,0,0,4,4,0.7987186440611279
1,5,0,0,4,2,0.7887742221397077
1,3,0,0,2,1,0.7926149345857402
1,3,0,11,2,0,0.12085708462157246
1,2,0,0,302,185,0.24831781787518378
1,4,0,0,2,1,0.7926149345857402
1,5,1,0,5,4,0.22055316926686364
1,5,0,0,1,1,0.7969843906800329
1,5,0,0,5,4,0.7943768837445078
1,4,0,11,2,1,0.12412193169753141
0,4,0,7,4,4,0.3277593589231242
1,4,0,0,7,5,0.7905601797648855
0,5,0,0,168,152,0.8145885067286628
1,5,0,7,13,8,0.3019647026916026
0,4,0,7,4,4,0.3277593589231242
1,4,0,7,0,0,0.3246082588678925
1,5,0,0,4,3,0.7937908030169029
0,4,0,7,4,4,0.3277593589231242
0,5,0,7,2,0,0.3129727666423729
0,3,0,11,6,1,0.11293253541296562
1,4,0,11,0,0,0.12666706170723838
1,5,0,11,0,0,0.12666706170723838
1,5,0,0,4,3,0.7937908030169029
0,5,0,0,0,0,0.7964038372225929
0,5,0,7,2,2,0.3261818457325034
0,3,0,0,17,13,0.7864058920251816
0,5,0,7,11,9,0.31995049635091183
0,4,0,7,1,1,0.3253945598991986
1,4,0,1,0,0,0.7435395896286738
1,5,0,0,47,44,0.8086558738471183
1,5,0,0,66,55,0.7801243275985271
0,5,0,7,1,0,0.31876226510562944
1,3,0,0,4,2,0.7887742221397077
0,3,0,0,10,9,0.797288758653781
0,3,0,7,10,3,0.2871093544198382
1,4,0,0,4,2,0.7887742221397077
0,2,0,11,4,3,0.12490336692855485
0,5,0,11,15,0,0.08845600429398899
0,5,1,11,23,21,0.010739514705604084
0,5,0,11,7,5,0.12277421560294516
0,3,0,7,12,4,0.2823828203439633
0,4,0,7,1,1,0.3253945598991986
0,3,0,11,3,2,0.12451212346611629
1,5,0,0,29,26,0.7984738475817098
0,5,1,0,3,1,0.21416661907513623
1,5,0,0,7,4,0.7854862445379855
0,5,0,11,2,0,0.12085708462157246
1,4,0,0,17,13,0.7864058920251816
0,4,0,7,1,1,0.3253945598991986
0,4,0,7,4,3,0.3211018065450797
1,5,0,0,3,3,0.7981417938668754
0,1,0,11,15,9,0.113121227914807
1,5,0,0,3,2,0.7932034866730083
1,3,0,0,4,3,0.7937908030169029
0,4,0,0,6,3,0.7848816854105684
0,5,0,7,1,1,0.3253945598991986
0,1,0,0,14,7,0.7687939978298413
1,5,0,0,43,33,0.7710640287958218
1,5,0,0,2,1,0.7926149345857402
0,4,0,7,5,4,0.3218836618695919
0,4,0,0,1,0,0.7920251466433884
1,5,0,0,6,4,0.7899660967301603
1,4,0,0,4,3,0.7937908030169029
0,2,0,11,13,10,0.12182203510424183
0,4,0,0,4,2,0.7887742221397077
0,5,0,7,1,0,0.31876226510562944
1,2,0,0,10,8,0.7923350123790284
0,5,0,11,9,6,0.12029653057542547
0,5,0,0,37,34,0.8030484399163218
1,4,0,0,38,32,0.7888342287725915
0,5,0,7,1,1,0.3253945598991986
1,5,0,0,1,0,0.7920251466433884
0,1,0,0,58,8,0.5132576015348063
0,5,0,10,19,18,0.1688906901350139
1,4,0,0,4,3,0.7937908030169029
0,5,0,10,2,1,0.16050947169361982
0,5,0,7,3,1,0.31374397576805685
0,4,0,11,1,1,0.1270640936921708
0,5,0,11,5,3,0.12200424388199559
1,4,0,0,0,0,0.7964038372225929
0,5,0,0,2,1,0.7926149345857402
0,1,0,3,17,5,0.5403681288008833
1,4,0,0,0,0,0.7964038372225929
0,1,0,0,40,23,0.729274031562128
0,3,0,11,0,0,0.12666706170723838
1,5,0,0,1,1,0.7969843906800329
0,5,0,10,4,2,0.15740690457962267
0,3,0,7,6,4,0.31606377386673434
0,4,1,0,5,3,0.2153755516110463
0,4,0,7,0,0,0.3246082588678925
1,3,0,7,0,0,0.3246082588678925
0,4,0,0,2,2,0.7975637094864633
1,4,0,0,0,0,0.7964038372225929
1,5,0,0,0,0,0.7964038372225929
1,4,0,0,4,2,0.7887742221397077
0,4,0,10,3,3,0.16513844709851494
0,2,0,7,31,5,0.19602215049870206
1,4,0,0,5,2,0.7842758903999808
1,4,0,0,3,2,0.7932034866730083
1,4,0,0,1,1,0.7969843906800329
1,5,0,0,2,1,0.7926149345857402
1,4,0,0,4,1,0.7836688596158804
1,2,0,0,7,0,0.7643042298834088
1,5,0,0,0,0,0.7964038372225929
0,5,0,11,1,1,0.1270640936921708
0,4,0,7,3,3,0.3269701131524728
0,5,0,11,14,12,0.1255020906387486
0,5,0,0,5,5,0.7992942603238775
0,5,0,7,13,11,0.3215122525781336
1,4,0,0,1,0,0.7920251466433884
0,5,0,0,3,2,0.7932034866730083
0,5,0,7,8,7,0.3242352089515258
1,4,0,5,12,10,0.46222846225593234
0,3,0,0,19,8,0.7498721018849952
1,2,0,0,6,2,0.7797085155074212
1,5,0,0,1,1,0.7969843906800329
0,4,0,7,1,0,0.31876226510562944
1,5,0,0,0,0,0.7964038372225929
0,4,0,11,0,0,0.12666706170723838
0,5,0,7,2,1,0.3195411050924666
0,4,0,7,5,5,0.3285495797878528
0,4,0,0,4,3,0.7937908030169029
0,4,0,11,2,1,0.12412193169753141
1,5,0,0,1,1,0.7969843906800329
0,5,1,11,1,0,0.010236507795343621
0,4,0,11,1,1,0.1270640936921708
0,5,1,11,2,2,0.010586371955616873
1,5,0,0,85,78,0.8109196974593276
1,5,0,0,40,35,0.7950204346366577
0,5,0,11,1,0,0.12373278988423611
1,4,0,0,0,0,0.7964038372225929
1,5,0,0,3,2,0.7932034866730083
0,4,0,11,2,0,0.12085708462157246
0,5,0,0,5,5,0.7992942603238775
1,4,0,0,0,0,0.7964038372225929
0,2,0,11,51,43,0.12015459760801891
0,2,1,2,3,1,0.13021818805539637
1,5,0,11,0,0,0.12666706170723838
0,5,0,0,10,8,0.7923350123790284
0,5,1,7,0,0,0.03400561002045187
0,5,0,7,2,1,0.3195411050924666
0,4,0,11,4,2,0.12162081944992373
0,5,0,11,1,0,0.12373278988423611
0,5,0,7,2,1,0.3195411050924666
0,5,0,11,0,0,0.12666706170723838
0,5,0,7,0,0,0.3246082588678925
0,5,0,11,4,2,0.12162081944992373
0,2,0,0,24,13,0.7532184275704021
0,4,0,0,0,0,0.7964038372225929
0,5,0,7,0,0,0.3246082588678925
1,3,0,0,1,1,0.7969843906800329
1,5,0,5,4,3,0.46265158238482706
0,5,0,7,6,3,0.30953439896226076
0,5,0,7,1,1,0.3253945598991986
0,5,0,11,1,1,0.1270640936921708
1,4,0,0,4,2,0.7887742221397077
1,5,0,1,0,0,0.7435395896286738
1,5,0,7,1,1,0.3253945598991986
0,5,0,7,3,3,0.3269701131524728
0,1,0,7,55,2,0.10475431091750356
0,5,1,11,3,1,0.010004026576836952
0,4,0,11,8,5,0.11991773998612094
1,5,0,0,4,1,0.7836688596158804
1,5,0,1,3,2,0.7397797775699259
1,5,0,0,5,3,0.7893707775305534
1,5,0,0,1,1,0.7969843906800329
0,3,0,11,0,0,0.12666706170723838
0,5,0,0,1,1,0.7969843906800329
1,5,0,0,2,0,0.78757740275796
1,4,0,0,0,0,0.7964038372225929
1,5,0,0,5,2,0.7842758903999808
1,5,0,0,0,0,0.7964038372225929
1,3,0,0,3,2,0.7932034866730083
0,1,0,7,42,8,0.16590567049108693
1,5,0,1,0,0,0.7435395896286738
0,1,0,0,21,12,0.7623943072611822
1,5,0,0,5,2,0.7842758903999808
0,5,0,11,1,0,0.12373278988423611
0,2,0,10,28,10,0.11128841880358205
0,4,0,7,3,2,0.32032095325902354
1,3,0,11,3,2,0.12451212346611629
0,5,1,11,15,11,0.00982983695110318
1,5,0,0,21,18,0.7938202815538706
1,5,0,11,1,0,0.12373278988423611
0,5,0,7,1,1,0.3253945598991986
1,3,0,0,10,10,0.8021538426053292
0,4,1,7,2,0,0.03228869964533917
0,1,0,7,40,26,0.26608634506289813
0,5,0,7,4,4,0.3277593589231242
0,5,0,7,4,4,0.3277593589231242
1,4,0,0,3,2,0.7932034866730083
1,5,0,8,1,0,0.25750327617296553
0,5,0,0,16,12,0.7858032179468102
1,4,0,8,8,7,0.26232945852263245
0,5,0,7,5,5,0.3285495797878528
1,4,0,0,2,0,0.78757740275796
0,5,0,7,43,15,0.1932412435906095
0,5,0,0,1,0,0.7920251466433884
1,5,0,0,8,7,0.7961277137296114
0,5,0,11,1,0,0.12373278988423611
1,4,0,0,1,1,0.7969843906800329
0,4,0,11,3,3,0.12786134791119777
1,4,0,0,5,4,0.7943768837445078
1,5,0,0,5,4,0.7943768837445078
1,2,0,0,9,4,0.776319437867619
0,5,0,7,0,0,0.3246082588678925
1,5,0,5,1,1,0.467533491571674
0,5,0,11,2,0,0.12085708462157246
1,4,0,0,1,0,0.7920251466433884
1,4,0,0,3,2,0.7932034866730083
1,1,0,0,194,150,0.6732147841799329
1,3,0,0,6,6,0.7998686429245112
1,4,0,0,5,2,0.7842758903999808
0,5,0,7,2,2,0.3261818457325034
1,5,0,0,4,3,0.7937908030169029
1,4,0,5,5,2,0.4484733995763413
0,5,0,7,1,1,0.3253945598991986
1,4,0,0,4,4,0.7987186440611279
0,5,0,11,2,0,0.12085708462157246
1,5,0,0,7,3,0.7803235439943649
1,3,0,0,38,31,0.7837299189493132
0,3,0,7,0,0,0.3246082588678925
1,5,0,0,4,2,0.7887742221397077
0,5,0,11,2,2,0.12746218852478497
1,5,0,0,1,1,0.7969843906800329
1,5,0,0,1,1,0.7969843906800329
0,5,1,11,1,1,0.010548895000504772
0,2,0,7,4,2,0.31451621528683904
0,4,1,11,3,2,0.010309393057245533
1,4,0,7,3,2,0.32032095325902354
1,5,0,0,0,0,0.7964038372225929
0,5,1,11,0,0,0.010511549308539288
0,5,0,11,4,1,0.11841286638270639
0,5,0,11,4,4,0.12826157355295062
0,5,0,11,10,10,0.13068541346114437
0,5,0,11,0,0,0.12666706170723838
1,2,0,0,7,4,0.7854862445379855
0,5,0,0,2,2,0.7975637094864633
1,5,0,0,2,2,0.7975637094864633
0,3,0,0,13,4,0.7571609865956797
0,2,0,11,7,3,0.11637964062353667
0,4,1,11,1,1,0.010548895000504772
1,4,0,0,3,3,0.7981417938668754
0,3,0,10,1,1,0.16415250722551306
0,4,0,7,14,12,0.32229463285602283
0,4,0,7,0,0,0.3246082588678925
1,2,0,0,28,16,0.7502249660268921
1,5,0,0,7,2,0.7750721725708467
0,4,0,0,1,1,0.7969843906800329
1,5,0,11,1,0,0.12373278988423611
0,5,0,7,2,1,0.3195411050924666
1,4,0,0,0,0,0.7964038372225929
1,5,0,0,3,1,0.7881764305470706
1,4,0,0,1,1,0.7969843906800329
0,3,0,11,0,0,0.12666706170723838
1,3,0,7,1,0,0.31876226510562944
1,5,0,0,5,4,0.7943768837445078
1,5,0,0,648,584,0.8510037502082678
0,4,0,0,2,2,0.7975637094864633
1,4,0,8,1,1,0.26335372031219295
0,5,0,7,10,10,0.3325151951015061
0,4,0,11,0,0,0.12666706170723838
1,5,0,5,0,0,0.46664130657284103
0,3,0,0,1,0,0.7920251466433884
1,5,0,0,5,2,0.7842758903999808
0,2,0,11,11,9,0.12432669962671163
0,5,0,7,2,1,0.3195411050924666
1,4,0,0,2,1,0.7926149345857402
0,1,0,7,26,3,0.20781665466508534
1,5,0,0,5,3,0.7893707775305534
0,5,1,7,0,0,0.03400561002045187
0,5,0,11,4,1,0.11841286638270639
1,4,0,0,5,3,0.7893707775305534
1,5,0,0,5,4,0.7943768837445078
0,4,0,7,3,2,0.32032095325902354
1,5,0,0,0,0,0.7964038372225929
